-- MariaDB dump 10.19  Distrib 10.5.12-MariaDB, for Linux (x86_64)
--
-- Host: mysql.hostinger.ro    Database: u574849695_18
-- ------------------------------------------------------
-- Server version	10.5.12-MariaDB-cll-lve

/*!40101 SET @OLD_CHARACTER_SET_CLIENT=@@CHARACTER_SET_CLIENT */;
/*!40101 SET @OLD_CHARACTER_SET_RESULTS=@@CHARACTER_SET_RESULTS */;
/*!40101 SET @OLD_COLLATION_CONNECTION=@@COLLATION_CONNECTION */;
/*!40101 SET NAMES utf8mb4 */;
/*!40103 SET @OLD_TIME_ZONE=@@TIME_ZONE */;
/*!40103 SET TIME_ZONE='+00:00' */;
/*!40014 SET @OLD_UNIQUE_CHECKS=@@UNIQUE_CHECKS, UNIQUE_CHECKS=0 */;
/*!40014 SET @OLD_FOREIGN_KEY_CHECKS=@@FOREIGN_KEY_CHECKS, FOREIGN_KEY_CHECKS=0 */;
/*!40101 SET @OLD_SQL_MODE=@@SQL_MODE, SQL_MODE='NO_AUTO_VALUE_ON_ZERO' */;
/*!40111 SET @OLD_SQL_NOTES=@@SQL_NOTES, SQL_NOTES=0 */;

--
-- Table structure for table `communities`
--

DROP TABLE IF EXISTS `communities`;
/*!40101 SET @saved_cs_client     = @@character_set_client */;
/*!40101 SET character_set_client = utf8 */;
CREATE TABLE `communities` (
  `id` bigint(20) unsigned NOT NULL AUTO_INCREMENT,
  `name` varchar(150) COLLATE utf8mb4_unicode_ci DEFAULT NULL,
  PRIMARY KEY (`id`)
) ENGINE=InnoDB AUTO_INCREMENT=101 DEFAULT CHARSET=utf8mb4 COLLATE=utf8mb4_unicode_ci;
/*!40101 SET character_set_client = @saved_cs_client */;

--
-- Dumping data for table `communities`
--

LOCK TABLES `communities` WRITE;
/*!40000 ALTER TABLE `communities` DISABLE KEYS */;
INSERT INTO `communities` VALUES (1,'ut'),(2,'incidunt'),(3,'tempore'),(4,'sequi'),(5,'expedita'),(6,'eius'),(7,'voluptates'),(8,'rerum'),(9,'voluptates'),(10,'temporibus'),(11,'doloremque'),(12,'labore'),(13,'vel'),(14,'ducimus'),(15,'ut'),(16,'accusamus'),(17,'recusandae'),(18,'nihil'),(19,'aut'),(20,'dolores'),(21,'ut'),(22,'necessitatibus'),(23,'omnis'),(24,'quis'),(25,'rem'),(26,'et'),(27,'quo'),(28,'commodi'),(29,'qui'),(30,'eos'),(31,'quae'),(32,'vero'),(33,'ut'),(34,'repellat'),(35,'aspernatur'),(36,'consequatur'),(37,'vel'),(38,'et'),(39,'sapiente'),(40,'est'),(41,'explicabo'),(42,'voluptatum'),(43,'accusamus'),(44,'id'),(45,'quaerat'),(46,'quia'),(47,'doloremque'),(48,'voluptatibus'),(49,'voluptatum'),(50,'ratione'),(51,'nihil'),(52,'aut'),(53,'consectetur'),(54,'possimus'),(55,'voluptates'),(56,'ipsam'),(57,'et'),(58,'repudiandae'),(59,'id'),(60,'nostrum'),(61,'ipsam'),(62,'earum'),(63,'atque'),(64,'iure'),(65,'ut'),(66,'placeat'),(67,'et'),(68,'rerum'),(69,'nihil'),(70,'quam'),(71,'voluptatibus'),(72,'quaerat'),(73,'dicta'),(74,'ex'),(75,'aperiam'),(76,'delectus'),(77,'fugit'),(78,'aut'),(79,'ex'),(80,'molestiae'),(81,'sit'),(82,'adipisci'),(83,'dignissimos'),(84,'repellendus'),(85,'provident'),(86,'sed'),(87,'ut'),(88,'fuga'),(89,'exercitationem'),(90,'qui'),(91,'dolor'),(92,'harum'),(93,'vel'),(94,'doloribus'),(95,'atque'),(96,'est'),(97,'fugiat'),(98,'quia'),(99,'sequi'),(100,'commodi');
/*!40000 ALTER TABLE `communities` ENABLE KEYS */;
UNLOCK TABLES;

--
-- Table structure for table `films`
--

DROP TABLE IF EXISTS `films`;
/*!40101 SET @saved_cs_client     = @@character_set_client */;
/*!40101 SET character_set_client = utf8 */;
CREATE TABLE `films` (
  `id` bigint(20) unsigned NOT NULL AUTO_INCREMENT,
  `name` varchar(255) COLLATE utf8mb4_unicode_ci DEFAULT NULL,
  `media_id` bigint(20) unsigned NOT NULL,
  PRIMARY KEY (`id`),
  KEY `media_id` (`media_id`),
  CONSTRAINT `films_ibfk_1` FOREIGN KEY (`media_id`) REFERENCES `media` (`id`)
) ENGINE=InnoDB AUTO_INCREMENT=101 DEFAULT CHARSET=utf8mb4 COLLATE=utf8mb4_unicode_ci;
/*!40101 SET character_set_client = @saved_cs_client */;

--
-- Dumping data for table `films`
--

LOCK TABLES `films` WRITE;
/*!40000 ALTER TABLE `films` DISABLE KEYS */;
INSERT INTO `films` VALUES (1,'sit',1),(2,'sit',2),(3,'nostrum',3),(4,'omnis',4),(5,'earum',5),(6,'voluptatum',6),(7,'debitis',7),(8,'sequi',8),(9,'quos',9),(10,'sed',10),(11,'iste',11),(12,'impedit',12),(13,'fuga',13),(14,'sunt',14),(15,'ut',15),(16,'animi',16),(17,'eos',17),(18,'voluptatibus',18),(19,'recusandae',19),(20,'molestias',20),(21,'quo',21),(22,'ipsam',22),(23,'quae',23),(24,'autem',24),(25,'incidunt',25),(26,'et',26),(27,'corporis',27),(28,'eum',28),(29,'omnis',29),(30,'nam',30),(31,'voluptas',31),(32,'repudiandae',32),(33,'enim',33),(34,'sint',34),(35,'qui',35),(36,'non',36),(37,'voluptate',37),(38,'est',38),(39,'iste',39),(40,'tempora',40),(41,'commodi',41),(42,'amet',42),(43,'aut',43),(44,'repellendus',44),(45,'impedit',45),(46,'saepe',46),(47,'voluptatem',47),(48,'repellat',48),(49,'optio',49),(50,'laudantium',50),(51,'quisquam',51),(52,'sunt',52),(53,'fugit',53),(54,'id',54),(55,'ut',55),(56,'nihil',56),(57,'dolores',57),(58,'dolor',58),(59,'eveniet',59),(60,'consequatur',60),(61,'nulla',61),(62,'dolorem',62),(63,'commodi',63),(64,'voluptate',64),(65,'explicabo',65),(66,'magni',66),(67,'itaque',67),(68,'ratione',68),(69,'eos',69),(70,'ad',70),(71,'nulla',71),(72,'omnis',72),(73,'qui',73),(74,'ut',74),(75,'et',75),(76,'quo',76),(77,'nam',77),(78,'molestiae',78),(79,'ut',79),(80,'nisi',80),(81,'voluptatem',81),(82,'nemo',82),(83,'mollitia',83),(84,'aliquam',84),(85,'officia',85),(86,'error',86),(87,'molestias',87),(88,'ipsam',88),(89,'ut',89),(90,'velit',90),(91,'non',91),(92,'voluptas',92),(93,'numquam',93),(94,'quia',94),(95,'quisquam',95),(96,'soluta',96),(97,'quibusdam',97),(98,'deserunt',98),(99,'ut',99),(100,'commodi',100);
/*!40000 ALTER TABLE `films` ENABLE KEYS */;
UNLOCK TABLES;

--
-- Table structure for table `friend_requests`
--

DROP TABLE IF EXISTS `friend_requests`;
/*!40101 SET @saved_cs_client     = @@character_set_client */;
/*!40101 SET character_set_client = utf8 */;
CREATE TABLE `friend_requests` (
  `initiation_user_id` bigint(20) unsigned NOT NULL,
  `target_user_id` bigint(20) unsigned NOT NULL,
  `status` enum('requested','approved','declined','unfriended') COLLATE utf8mb4_unicode_ci DEFAULT NULL,
  `requestede_at` datetime DEFAULT current_timestamp(),
  `updated_at` datetime DEFAULT NULL ON UPDATE current_timestamp(),
  PRIMARY KEY (`initiation_user_id`,`target_user_id`),
  KEY `target_user_id` (`target_user_id`),
  CONSTRAINT `friend_requests_ibfk_1` FOREIGN KEY (`initiation_user_id`) REFERENCES `users` (`id`),
  CONSTRAINT `friend_requests_ibfk_2` FOREIGN KEY (`target_user_id`) REFERENCES `users` (`id`)
) ENGINE=InnoDB DEFAULT CHARSET=utf8mb4 COLLATE=utf8mb4_unicode_ci;
/*!40101 SET character_set_client = @saved_cs_client */;

--
-- Dumping data for table `friend_requests`
--

LOCK TABLES `friend_requests` WRITE;
/*!40000 ALTER TABLE `friend_requests` DISABLE KEYS */;
INSERT INTO `friend_requests` VALUES (1,1,'requested','2009-04-18 10:20:35','2003-11-07 04:06:25'),(2,2,'unfriended','2009-11-12 11:32:11','1999-10-19 12:18:00'),(3,3,'requested','1999-03-19 01:11:55','2013-03-30 02:52:23'),(4,4,'unfriended','1995-03-31 09:10:23','2005-03-03 12:27:45'),(5,5,'approved','1983-12-02 02:44:15','2004-12-28 18:40:08'),(6,6,'requested','2010-12-23 21:14:23','1991-01-13 00:36:32'),(7,7,'requested','2011-04-18 00:54:30','2004-10-19 06:06:06'),(8,8,'unfriended','1992-10-28 11:36:32','1990-06-16 05:43:24'),(9,9,'approved','1989-04-13 03:18:55','2011-06-03 11:39:49'),(10,10,'unfriended','1981-05-07 13:26:20','1992-07-23 01:28:29'),(11,11,'unfriended','2019-07-13 13:22:37','2020-12-14 00:35:25'),(12,12,'requested','1982-04-08 23:44:57','2015-09-26 03:09:17'),(13,13,'declined','2001-12-25 18:53:12','1974-04-12 16:49:24'),(14,14,'declined','1982-07-24 17:21:44','1985-11-29 14:34:01'),(15,15,'declined','2016-03-17 04:13:19','2011-11-07 23:00:32'),(16,16,'requested','1986-06-20 07:11:33','1985-03-31 17:46:44'),(17,17,'requested','1987-02-17 10:00:04','1984-05-16 05:18:34'),(18,18,'declined','2011-09-16 06:18:53','2016-10-18 01:22:12'),(19,19,'unfriended','1984-12-13 15:00:08','1978-10-17 07:02:41'),(20,20,'declined','2003-08-13 04:13:48','2007-01-21 05:02:20'),(21,21,'declined','2018-03-13 02:16:50','1980-07-23 00:35:14'),(22,22,'approved','2003-05-27 00:41:20','1982-04-08 05:17:23'),(23,23,'unfriended','1971-05-07 21:07:51','1993-12-07 22:55:16'),(24,24,'unfriended','1976-09-23 08:50:41','2004-09-02 03:58:45'),(25,25,'requested','2021-03-02 11:36:36','1978-11-13 20:47:28'),(26,26,'requested','1999-07-02 20:16:41','1994-11-01 06:23:43'),(27,27,'unfriended','1990-08-12 16:49:22','2013-12-27 10:53:07'),(28,28,'declined','1977-10-27 22:44:03','1997-07-14 20:32:44'),(29,29,'requested','2000-10-26 20:10:06','2004-09-27 18:45:15'),(30,30,'approved','1998-09-07 05:13:37','2007-09-12 01:55:36'),(31,31,'requested','2002-11-23 03:13:03','2005-11-18 04:52:07'),(32,32,'approved','1989-10-25 11:08:20','1989-11-25 20:29:43'),(33,33,'approved','1974-10-31 03:49:39','1997-03-23 22:46:17'),(34,34,'declined','2011-01-12 04:23:38','2020-08-19 22:46:51'),(35,35,'unfriended','2013-10-06 03:29:40','1994-07-04 22:39:30'),(36,36,'declined','1980-02-22 01:17:08','1973-09-20 08:13:34'),(37,37,'approved','2007-08-22 05:51:50','2017-12-14 08:19:05'),(38,38,'approved','2005-11-27 15:56:55','1991-04-09 01:18:21'),(39,39,'approved','1979-04-07 10:13:40','1983-11-05 15:35:57'),(40,40,'approved','1983-03-10 02:32:21','1994-03-05 19:08:47'),(41,41,'requested','1980-05-03 23:39:14','2019-03-28 06:38:03'),(42,42,'unfriended','2012-08-24 02:20:26','2010-12-22 00:21:04'),(43,43,'approved','1981-03-29 10:34:23','1986-12-03 16:15:26'),(44,44,'approved','1988-01-07 20:56:43','2017-10-10 09:55:24'),(45,45,'declined','2015-01-23 22:41:58','1983-08-11 17:48:52'),(46,46,'declined','1980-04-08 03:52:02','1977-12-22 00:42:03'),(47,47,'requested','2011-03-08 04:10:27','1989-10-20 03:06:43'),(48,48,'approved','2010-02-20 12:08:46','2014-07-10 03:57:30'),(49,49,'requested','2009-12-02 19:42:41','1985-01-30 05:02:26'),(50,50,'requested','1976-05-16 23:40:42','2003-05-31 16:07:18'),(51,51,'requested','2019-08-19 10:53:07','2007-11-11 22:27:07'),(52,52,'requested','1986-02-06 08:22:53','1994-08-29 17:36:57'),(53,53,'unfriended','2019-04-04 11:31:59','1997-03-14 17:16:09'),(54,54,'unfriended','1995-02-10 20:06:39','1988-12-14 09:15:21'),(55,55,'unfriended','1976-09-02 01:48:22','2007-08-07 01:42:58'),(56,56,'approved','2001-02-03 00:18:44','2014-09-04 09:21:27'),(57,57,'requested','2009-03-07 16:53:33','1972-04-27 13:16:45'),(58,58,'unfriended','1981-05-06 16:00:43','1999-02-19 21:27:46'),(59,59,'requested','1985-11-27 13:00:08','1993-06-14 11:21:02'),(60,60,'unfriended','1976-01-05 06:24:56','2015-11-11 22:27:31'),(61,61,'approved','1982-07-10 08:05:30','1996-05-28 11:24:46'),(62,62,'requested','1972-01-30 19:10:11','1998-04-07 01:51:12'),(63,63,'unfriended','2013-06-20 01:02:42','1999-03-12 00:27:19'),(64,64,'unfriended','2019-04-08 13:31:06','1977-02-15 06:04:05'),(65,65,'requested','1979-01-03 10:27:34','2008-08-05 03:58:34'),(66,66,'unfriended','2011-08-22 00:05:25','1999-04-06 08:20:22'),(67,67,'requested','2013-02-22 02:48:12','1990-12-27 06:28:23'),(68,68,'requested','1982-10-22 22:00:09','1988-03-20 02:15:52'),(69,69,'declined','2020-08-25 15:02:27','2000-06-26 11:26:16'),(70,70,'unfriended','1974-01-18 05:10:39','1989-11-24 07:31:35'),(71,71,'approved','1994-11-04 20:28:23','2004-07-30 00:51:06'),(72,72,'declined','2015-10-19 14:49:01','1997-01-29 13:30:41'),(73,73,'approved','1995-07-15 10:48:31','1990-10-23 20:33:51'),(74,74,'unfriended','2013-06-27 13:56:00','2013-01-16 05:08:35'),(75,75,'declined','1976-04-30 19:56:36','1976-11-25 09:27:29'),(76,76,'declined','2010-04-05 17:28:10','2016-12-16 14:41:12'),(77,77,'unfriended','1989-03-18 08:06:26','2020-12-03 17:38:35'),(78,78,'requested','1981-04-05 12:26:32','1996-11-05 16:03:50'),(79,79,'declined','2014-01-03 16:40:13','2012-02-05 22:46:22'),(80,80,'approved','2019-08-04 02:44:20','2011-05-19 04:42:53'),(81,81,'approved','1986-02-11 13:59:48','1998-12-02 02:29:50'),(82,82,'declined','1998-06-10 11:39:27','1990-01-17 22:29:07'),(83,83,'declined','2008-05-06 12:58:28','2002-02-13 23:11:35'),(84,84,'unfriended','2002-03-17 05:22:32','2013-09-24 06:18:25'),(85,85,'declined','2005-12-29 16:45:18','2001-04-02 07:58:32'),(86,86,'requested','2005-04-24 07:32:04','1986-06-24 11:57:49'),(87,87,'unfriended','2012-01-24 16:39:43','1999-06-28 01:00:08'),(88,88,'unfriended','1979-05-16 11:26:07','1987-10-19 15:14:34'),(89,89,'approved','2008-01-05 18:15:52','1984-11-05 15:04:06'),(90,90,'requested','2002-12-02 01:43:54','1995-02-07 17:59:24'),(91,91,'requested','2018-12-11 19:20:54','2006-01-07 17:12:14'),(92,92,'unfriended','1988-10-10 18:24:26','1996-06-17 15:03:54'),(93,93,'unfriended','1993-04-03 23:30:26','1993-06-30 06:20:49'),(94,94,'unfriended','1976-03-10 04:39:52','2003-01-03 02:55:50'),(95,95,'unfriended','1990-05-10 05:20:30','2007-10-04 15:48:12'),(96,96,'approved','2007-02-13 20:33:25','2013-10-31 21:43:39'),(97,97,'approved','1990-01-28 18:55:32','2017-04-23 22:51:44'),(98,98,'requested','2009-06-11 11:14:24','1985-11-18 02:20:09'),(99,99,'declined','1984-11-20 10:37:12','2014-09-16 02:26:51'),(100,100,'declined','2008-04-09 15:48:37','1990-05-07 21:45:07');
/*!40000 ALTER TABLE `friend_requests` ENABLE KEYS */;
UNLOCK TABLES;

--
-- Table structure for table `gift_album`
--

DROP TABLE IF EXISTS `gift_album`;
/*!40101 SET @saved_cs_client     = @@character_set_client */;
/*!40101 SET character_set_client = utf8 */;
CREATE TABLE `gift_album` (
  `id` bigint(20) unsigned NOT NULL AUTO_INCREMENT,
  `name` varchar(255) COLLATE utf8mb4_unicode_ci DEFAULT NULL,
  `media_id` bigint(20) unsigned NOT NULL,
  PRIMARY KEY (`id`),
  KEY `media_id` (`media_id`),
  CONSTRAINT `gift_album_ibfk_1` FOREIGN KEY (`media_id`) REFERENCES `media` (`id`)
) ENGINE=InnoDB AUTO_INCREMENT=101 DEFAULT CHARSET=utf8mb4 COLLATE=utf8mb4_unicode_ci;
/*!40101 SET character_set_client = @saved_cs_client */;

--
-- Dumping data for table `gift_album`
--

LOCK TABLES `gift_album` WRITE;
/*!40000 ALTER TABLE `gift_album` DISABLE KEYS */;
INSERT INTO `gift_album` VALUES (1,'sit',1),(2,'et',2),(3,'beatae',3),(4,'ratione',4),(5,'et',5),(6,'quis',6),(7,'sed',7),(8,'vel',8),(9,'et',9),(10,'occaecati',10),(11,'sint',11),(12,'aut',12),(13,'modi',13),(14,'voluptatem',14),(15,'ex',15),(16,'unde',16),(17,'a',17),(18,'sed',18),(19,'blanditiis',19),(20,'quia',20),(21,'distinctio',21),(22,'iste',22),(23,'earum',23),(24,'sed',24),(25,'vero',25),(26,'sint',26),(27,'fugiat',27),(28,'quisquam',28),(29,'officiis',29),(30,'facilis',30),(31,'reprehenderit',31),(32,'exercitationem',32),(33,'perspiciatis',33),(34,'et',34),(35,'esse',35),(36,'eos',36),(37,'delectus',37),(38,'quis',38),(39,'assumenda',39),(40,'sed',40),(41,'sapiente',41),(42,'quia',42),(43,'eveniet',43),(44,'sunt',44),(45,'laborum',45),(46,'minus',46),(47,'natus',47),(48,'accusamus',48),(49,'et',49),(50,'eum',50),(51,'deserunt',51),(52,'cum',52),(53,'sint',53),(54,'in',54),(55,'quis',55),(56,'voluptatum',56),(57,'delectus',57),(58,'modi',58),(59,'veniam',59),(60,'alias',60),(61,'nemo',61),(62,'voluptatem',62),(63,'et',63),(64,'impedit',64),(65,'nam',65),(66,'perferendis',66),(67,'sed',67),(68,'illum',68),(69,'sit',69),(70,'sit',70),(71,'quam',71),(72,'repellat',72),(73,'voluptatem',73),(74,'et',74),(75,'ipsam',75),(76,'voluptatibus',76),(77,'ab',77),(78,'optio',78),(79,'consequuntur',79),(80,'commodi',80),(81,'aut',81),(82,'dolorum',82),(83,'officia',83),(84,'magni',84),(85,'soluta',85),(86,'recusandae',86),(87,'qui',87),(88,'nemo',88),(89,'excepturi',89),(90,'harum',90),(91,'odio',91),(92,'omnis',92),(93,'est',93),(94,'dolorum',94),(95,'delectus',95),(96,'beatae',96),(97,'et',97),(98,'explicabo',98),(99,'rerum',99),(100,'quae',100);
/*!40000 ALTER TABLE `gift_album` ENABLE KEYS */;
UNLOCK TABLES;

--
-- Table structure for table `gifts`
--

DROP TABLE IF EXISTS `gifts`;
/*!40101 SET @saved_cs_client     = @@character_set_client */;
/*!40101 SET character_set_client = utf8 */;
CREATE TABLE `gifts` (
  `id` bigint(20) unsigned NOT NULL AUTO_INCREMENT,
  `send_gift_id` bigint(20) unsigned NOT NULL,
  `accept_gift_id` bigint(20) unsigned NOT NULL,
  `gift_id` bigint(20) unsigned NOT NULL,
  `created_at` datetime DEFAULT current_timestamp(),
  PRIMARY KEY (`id`),
  KEY `send_gift_id` (`send_gift_id`),
  KEY `accept_gift_id` (`accept_gift_id`),
  KEY `gift_id` (`gift_id`),
  CONSTRAINT `gifts_ibfk_1` FOREIGN KEY (`send_gift_id`) REFERENCES `users` (`id`),
  CONSTRAINT `gifts_ibfk_2` FOREIGN KEY (`accept_gift_id`) REFERENCES `users` (`id`),
  CONSTRAINT `gifts_ibfk_3` FOREIGN KEY (`gift_id`) REFERENCES `gift_album` (`id`)
) ENGINE=InnoDB AUTO_INCREMENT=101 DEFAULT CHARSET=utf8mb4 COLLATE=utf8mb4_unicode_ci;
/*!40101 SET character_set_client = @saved_cs_client */;

--
-- Dumping data for table `gifts`
--

LOCK TABLES `gifts` WRITE;
/*!40000 ALTER TABLE `gifts` DISABLE KEYS */;
INSERT INTO `gifts` VALUES (1,1,1,1,'1999-11-01 04:43:20'),(2,2,2,2,'1974-11-11 16:17:26'),(3,3,3,3,'2002-09-14 22:27:16'),(4,4,4,4,'2018-12-09 07:15:38'),(5,5,5,5,'1997-03-24 15:15:37'),(6,6,6,6,'2014-08-03 08:36:46'),(7,7,7,7,'1971-11-27 00:25:58'),(8,8,8,8,'1989-08-16 03:25:15'),(9,9,9,9,'1996-09-06 22:05:12'),(10,10,10,10,'2021-06-20 18:05:26'),(11,11,11,11,'1982-10-28 12:14:27'),(12,12,12,12,'1997-07-08 00:35:01'),(13,13,13,13,'1986-09-02 18:27:40'),(14,14,14,14,'1996-12-15 20:59:44'),(15,15,15,15,'1972-05-27 04:06:15'),(16,16,16,16,'1992-10-24 07:42:49'),(17,17,17,17,'1999-10-30 07:24:16'),(18,18,18,18,'1988-08-08 11:55:19'),(19,19,19,19,'2015-02-04 20:22:05'),(20,20,20,20,'1972-01-18 19:00:21'),(21,21,21,21,'1989-05-21 23:27:27'),(22,22,22,22,'2019-11-01 22:50:44'),(23,23,23,23,'1998-03-25 07:41:26'),(24,24,24,24,'1970-06-18 04:54:02'),(25,25,25,25,'1982-06-16 01:22:15'),(26,26,26,26,'1980-01-28 03:35:46'),(27,27,27,27,'1978-03-25 11:38:46'),(28,28,28,28,'1987-08-06 02:03:22'),(29,29,29,29,'2002-09-05 06:02:21'),(30,30,30,30,'1978-12-08 06:55:09'),(31,31,31,31,'2006-04-12 02:56:22'),(32,32,32,32,'1973-02-04 02:10:02'),(33,33,33,33,'2017-11-17 02:06:01'),(34,34,34,34,'1980-01-19 12:40:41'),(35,35,35,35,'1991-05-14 15:50:53'),(36,36,36,36,'2004-04-15 23:27:05'),(37,37,37,37,'2014-04-13 04:44:50'),(38,38,38,38,'1999-07-23 05:39:52'),(39,39,39,39,'1970-05-11 09:32:42'),(40,40,40,40,'2000-06-14 05:39:37'),(41,41,41,41,'1984-02-29 06:34:59'),(42,42,42,42,'1973-11-14 13:29:32'),(43,43,43,43,'1980-12-07 01:01:06'),(44,44,44,44,'1975-04-09 17:49:52'),(45,45,45,45,'1988-03-20 21:07:57'),(46,46,46,46,'2001-04-20 07:23:57'),(47,47,47,47,'1999-02-06 10:27:43'),(48,48,48,48,'2002-09-15 05:37:59'),(49,49,49,49,'2013-09-04 22:34:32'),(50,50,50,50,'2002-09-04 16:33:32'),(51,51,51,51,'1990-12-21 06:07:39'),(52,52,52,52,'2005-09-14 09:00:24'),(53,53,53,53,'1982-10-03 13:38:42'),(54,54,54,54,'1973-11-06 10:35:27'),(55,55,55,55,'1976-03-18 10:14:05'),(56,56,56,56,'2021-01-11 06:48:02'),(57,57,57,57,'2006-10-23 06:46:35'),(58,58,58,58,'1972-06-07 00:14:26'),(59,59,59,59,'1992-10-26 14:44:08'),(60,60,60,60,'1977-02-05 06:37:01'),(61,61,61,61,'2020-12-12 00:56:48'),(62,62,62,62,'2008-12-15 20:25:51'),(63,63,63,63,'1995-10-21 10:56:01'),(64,64,64,64,'2004-10-28 14:07:43'),(65,65,65,65,'1990-11-18 22:39:27'),(66,66,66,66,'1990-10-13 13:14:03'),(67,67,67,67,'1991-11-24 22:00:37'),(68,68,68,68,'2006-09-13 15:58:52'),(69,69,69,69,'2002-02-19 18:37:24'),(70,70,70,70,'2018-11-11 14:48:31'),(71,71,71,71,'1996-10-26 04:02:09'),(72,72,72,72,'1993-01-28 13:34:40'),(73,73,73,73,'2005-09-16 22:01:49'),(74,74,74,74,'2001-10-19 01:33:07'),(75,75,75,75,'1977-05-24 02:50:27'),(76,76,76,76,'2014-03-30 23:30:25'),(77,77,77,77,'1990-05-24 07:28:31'),(78,78,78,78,'2007-01-08 19:28:25'),(79,79,79,79,'2009-05-07 18:38:13'),(80,80,80,80,'1994-04-14 01:06:24'),(81,81,81,81,'1996-01-19 08:36:37'),(82,82,82,82,'1970-08-10 07:15:11'),(83,83,83,83,'2017-12-21 21:06:00'),(84,84,84,84,'2008-08-18 21:36:16'),(85,85,85,85,'2014-11-08 20:02:49'),(86,86,86,86,'1982-08-25 17:14:22'),(87,87,87,87,'1972-04-24 16:34:43'),(88,88,88,88,'1993-11-22 23:29:42'),(89,89,89,89,'1975-01-30 00:53:09'),(90,90,90,90,'2005-12-20 16:54:42'),(91,91,91,91,'1983-03-29 21:55:31'),(92,92,92,92,'2013-03-15 15:18:45'),(93,93,93,93,'2016-09-23 15:03:51'),(94,94,94,94,'2018-01-21 21:38:34'),(95,95,95,95,'1980-08-01 02:45:15'),(96,96,96,96,'1974-05-05 05:23:47'),(97,97,97,97,'1991-07-14 01:22:17'),(98,98,98,98,'1980-08-14 02:11:46'),(99,99,99,99,'1988-12-31 17:17:49'),(100,100,100,100,'2021-07-29 14:36:01');
/*!40000 ALTER TABLE `gifts` ENABLE KEYS */;
UNLOCK TABLES;

--
-- Table structure for table `likes`
--

DROP TABLE IF EXISTS `likes`;
/*!40101 SET @saved_cs_client     = @@character_set_client */;
/*!40101 SET character_set_client = utf8 */;
CREATE TABLE `likes` (
  `id` bigint(20) unsigned NOT NULL AUTO_INCREMENT,
  `user_id` bigint(20) unsigned NOT NULL,
  `media_id` bigint(20) unsigned NOT NULL,
  `created_at` datetime DEFAULT current_timestamp(),
  PRIMARY KEY (`id`),
  KEY `user_id` (`user_id`),
  KEY `media_id` (`media_id`),
  CONSTRAINT `likes_ibfk_1` FOREIGN KEY (`user_id`) REFERENCES `users` (`id`),
  CONSTRAINT `likes_ibfk_2` FOREIGN KEY (`media_id`) REFERENCES `media` (`id`)
) ENGINE=InnoDB AUTO_INCREMENT=101 DEFAULT CHARSET=utf8mb4 COLLATE=utf8mb4_unicode_ci;
/*!40101 SET character_set_client = @saved_cs_client */;

--
-- Dumping data for table `likes`
--

LOCK TABLES `likes` WRITE;
/*!40000 ALTER TABLE `likes` DISABLE KEYS */;
INSERT INTO `likes` VALUES (1,1,1,'2011-10-26 17:55:44'),(2,2,2,'1982-08-24 12:27:12'),(3,3,3,'1993-04-02 05:09:26'),(4,4,4,'1995-08-01 14:43:06'),(5,5,5,'2002-06-13 10:57:50'),(6,6,6,'2021-01-18 21:10:28'),(7,7,7,'1998-05-12 08:04:29'),(8,8,8,'2016-06-13 16:37:32'),(9,9,9,'2017-12-29 04:41:19'),(10,10,10,'1999-12-27 05:23:49'),(11,11,11,'1971-10-15 06:21:24'),(12,12,12,'1992-09-13 10:18:10'),(13,13,13,'2016-03-18 09:47:31'),(14,14,14,'1991-03-18 06:58:24'),(15,15,15,'2000-08-03 20:30:40'),(16,16,16,'2014-08-29 21:07:10'),(17,17,17,'1983-09-12 20:00:00'),(18,18,18,'2002-02-11 06:18:59'),(19,19,19,'1993-05-21 21:58:41'),(20,20,20,'1984-03-05 18:07:51'),(21,21,21,'2007-12-04 03:37:28'),(22,22,22,'2020-11-19 11:26:10'),(23,23,23,'2002-05-19 17:07:28'),(24,24,24,'2017-04-30 19:30:24'),(25,25,25,'1988-10-05 01:42:31'),(26,26,26,'2000-09-15 02:13:35'),(27,27,27,'1992-07-10 13:44:48'),(28,28,28,'2002-10-11 04:54:58'),(29,29,29,'1970-08-07 15:29:58'),(30,30,30,'2013-06-24 16:36:04'),(31,31,31,'2009-06-17 13:56:07'),(32,32,32,'1990-02-09 13:05:36'),(33,33,33,'2008-08-15 03:45:48'),(34,34,34,'2001-05-05 19:51:46'),(35,35,35,'1980-06-12 18:21:17'),(36,36,36,'2021-02-24 13:02:57'),(37,37,37,'1988-12-14 21:45:25'),(38,38,38,'2008-06-09 18:39:52'),(39,39,39,'1997-09-12 07:24:10'),(40,40,40,'1983-03-14 09:47:38'),(41,41,41,'1975-01-23 21:02:33'),(42,42,42,'1985-04-18 14:58:59'),(43,43,43,'1989-06-07 15:36:49'),(44,44,44,'1999-09-10 20:42:57'),(45,45,45,'1998-06-26 00:53:58'),(46,46,46,'2018-12-10 07:13:41'),(47,47,47,'2015-09-14 10:16:22'),(48,48,48,'2001-11-29 02:41:28'),(49,49,49,'2007-01-03 09:52:50'),(50,50,50,'1979-05-12 17:48:42'),(51,51,51,'2011-12-01 16:46:17'),(52,52,52,'1990-08-24 07:59:04'),(53,53,53,'1987-11-25 05:51:39'),(54,54,54,'2007-08-16 15:24:56'),(55,55,55,'1990-04-24 21:58:45'),(56,56,56,'1991-02-09 20:24:44'),(57,57,57,'2009-05-06 19:47:15'),(58,58,58,'2000-02-22 07:32:08'),(59,59,59,'1976-06-05 21:20:58'),(60,60,60,'2008-07-14 05:18:50'),(61,61,61,'2016-12-12 09:46:39'),(62,62,62,'2016-04-17 16:15:19'),(63,63,63,'1995-07-06 13:04:04'),(64,64,64,'1990-10-15 09:01:58'),(65,65,65,'2011-05-21 11:37:32'),(66,66,66,'1977-08-07 23:31:26'),(67,67,67,'1979-02-02 05:37:17'),(68,68,68,'1974-10-28 14:05:53'),(69,69,69,'1978-04-28 03:33:30'),(70,70,70,'1998-12-28 08:46:37'),(71,71,71,'1976-10-18 05:21:27'),(72,72,72,'2007-08-04 16:56:11'),(73,73,73,'2009-05-11 07:45:20'),(74,74,74,'2001-09-07 19:25:20'),(75,75,75,'2021-07-01 22:11:54'),(76,76,76,'1984-02-22 22:36:47'),(77,77,77,'1998-05-15 02:40:38'),(78,78,78,'1985-02-28 10:28:22'),(79,79,79,'1985-05-11 16:31:39'),(80,80,80,'1997-03-07 10:43:33'),(81,81,81,'1982-11-13 16:02:12'),(82,82,82,'1998-07-03 16:09:46'),(83,83,83,'2010-09-20 05:59:23'),(84,84,84,'1977-12-11 13:10:23'),(85,85,85,'1980-04-12 14:48:41'),(86,86,86,'1971-02-11 17:05:13'),(87,87,87,'1977-02-28 10:01:29'),(88,88,88,'2013-02-06 05:48:10'),(89,89,89,'1991-03-04 10:18:34'),(90,90,90,'1986-03-11 09:16:37'),(91,91,91,'1975-09-08 19:32:39'),(92,92,92,'1973-02-07 09:42:23'),(93,93,93,'1986-07-02 16:49:06'),(94,94,94,'2012-06-09 16:54:35'),(95,95,95,'1995-09-04 01:53:13'),(96,96,96,'1983-02-22 10:07:38'),(97,97,97,'1983-10-15 11:18:26'),(98,98,98,'1998-04-08 02:29:00'),(99,99,99,'2006-08-20 02:20:22'),(100,100,100,'1995-04-01 22:11:31');
/*!40000 ALTER TABLE `likes` ENABLE KEYS */;
UNLOCK TABLES;

--
-- Table structure for table `media`
--

DROP TABLE IF EXISTS `media`;
/*!40101 SET @saved_cs_client     = @@character_set_client */;
/*!40101 SET character_set_client = utf8 */;
CREATE TABLE `media` (
  `id` bigint(20) unsigned NOT NULL AUTO_INCREMENT,
  `user_id` bigint(20) unsigned NOT NULL,
  `body` text COLLATE utf8mb4_unicode_ci DEFAULT NULL,
  `filename` varchar(255) COLLATE utf8mb4_unicode_ci DEFAULT NULL,
  `media_size` int(11) DEFAULT NULL,
  `metadata` longtext CHARACTER SET utf8mb4 COLLATE utf8mb4_bin DEFAULT NULL CHECK (json_valid(`metadata`)),
  `media_type_id` bigint(20) unsigned DEFAULT NULL,
  `created_at` datetime DEFAULT current_timestamp(),
  `updated_at` datetime DEFAULT current_timestamp() ON UPDATE current_timestamp(),
  PRIMARY KEY (`id`),
  KEY `user_id` (`user_id`),
  KEY `media_type_id` (`media_type_id`),
  CONSTRAINT `media_ibfk_1` FOREIGN KEY (`user_id`) REFERENCES `users` (`id`),
  CONSTRAINT `media_ibfk_2` FOREIGN KEY (`media_type_id`) REFERENCES `media_types` (`id`) ON DELETE SET NULL ON UPDATE CASCADE
) ENGINE=InnoDB AUTO_INCREMENT=101 DEFAULT CHARSET=utf8mb4 COLLATE=utf8mb4_unicode_ci;
/*!40101 SET character_set_client = @saved_cs_client */;

--
-- Dumping data for table `media`
--

LOCK TABLES `media` WRITE;
/*!40000 ALTER TABLE `media` DISABLE KEYS */;
INSERT INTO `media` VALUES (1,1,'Odio rerum eum qui. Nemo sapiente laborum voluptas. Minus distinctio assumenda quia. Voluptas atque minima possimus dolores dolores qui. Qui illum eum voluptatem modi sit.','quo',337389395,NULL,1,'2019-01-02 16:04:25','2005-12-09 22:16:04'),(2,2,'Fugit et est unde eaque distinctio voluptatem in mollitia. Voluptatem velit incidunt deserunt rem consectetur voluptatem. Labore ab consequatur ut. Modi eligendi omnis est nihil vitae.','iure',651,NULL,2,'1984-03-18 06:48:06','1985-06-30 06:07:15'),(3,3,'Dolores perspiciatis nam deleniti nihil accusamus molestiae beatae ipsam. Et quia nesciunt explicabo alias. Deserunt sint perferendis in id commodi commodi.','corporis',3941,NULL,3,'1995-02-06 02:13:04','1971-10-18 20:03:56'),(4,4,'Molestiae minima omnis qui possimus ullam. Quos alias ratione nisi enim molestiae omnis. Odio eos quam vitae. Sit quas cumque et.','nostrum',97795337,NULL,4,'2014-05-03 13:00:38','1984-08-30 06:19:41'),(5,5,'Tempore qui quasi error quod autem repellat tenetur expedita. Amet consectetur culpa eligendi dolor omnis dolor. Ullam incidunt rerum ut non fugit magnam. Aspernatur in explicabo repellat est molestiae sunt.','distinctio',61648,NULL,5,'2011-06-17 09:03:18','1986-05-29 09:49:48'),(6,6,'Reprehenderit soluta maxime eum. Aliquam in et rem nulla ut rem ipsa. Nihil ipsum temporibus quisquam error nobis qui dicta magni. Odit nam eos blanditiis consequatur ut voluptas aperiam.','quidem',7043,NULL,6,'2021-08-03 02:49:22','1989-02-03 03:45:34'),(7,7,'Pariatur deserunt qui sapiente vero aut ratione cum. Id at cumque veritatis magnam est molestiae voluptas mollitia. Eos fugiat cupiditate nobis qui et iure dolor. Et et aut laudantium ut.','vitae',31,NULL,7,'2008-05-13 04:59:12','2000-10-31 05:56:21'),(8,8,'Autem corporis deserunt cum deleniti dolore reiciendis culpa. Maxime ducimus modi quo repellat consequatur velit. Eius aliquid aut ut omnis iusto exercitationem. Possimus autem sed dolorem quis aut.','nesciunt',95680,NULL,8,'2002-12-25 08:20:13','2015-04-16 07:41:11'),(9,9,'Assumenda corporis accusantium repellat quia. Quia in dolore voluptatem veniam. Quidem maiores tenetur alias veritatis similique quam ut.','eaque',30,NULL,9,'2009-01-20 20:14:27','2014-05-01 23:57:28'),(10,10,'Debitis qui voluptate temporibus facere dolores in est. Aperiam impedit ab ipsum sed sunt fugit. Dolores aut ut veniam mollitia vero dignissimos ut voluptate. Voluptate nihil ad et quaerat. Animi rerum odio sed sed.','nemo',0,NULL,10,'1987-02-08 03:56:37','2017-02-03 07:28:46'),(11,11,'Sint fuga nihil explicabo ratione. Officiis deleniti repellat consequatur explicabo a ea est illo.','consequatur',63203903,NULL,11,'1992-04-12 11:28:00','1984-10-08 06:58:45'),(12,12,'Dolores aut sit earum quas qui omnis ullam. Et earum provident ut similique eaque voluptates iste molestiae. Dolor deserunt vitae temporibus minima rem ut magni nisi. Rerum aut magnam ipsum.','eos',2,NULL,12,'1996-02-27 10:53:15','2000-12-12 18:08:46'),(13,13,'Architecto maiores placeat est maxime magni dolorem. Quaerat nemo ut aut et ut architecto delectus. Molestiae ex ipsum aut nam omnis. Explicabo voluptates molestiae adipisci labore qui.','blanditiis',0,NULL,13,'2011-11-22 15:21:06','1988-02-26 03:51:03'),(14,14,'Quis iure asperiores sint dignissimos consequatur dolor. Possimus distinctio optio et aut. Sit delectus qui quisquam quas ex nobis dolores.','eos',436,NULL,14,'2011-02-07 04:48:46','2008-08-03 03:17:01'),(15,15,'Deleniti laudantium et at iure sunt fuga. Modi ut fugit delectus iure tempore et tempore quas. Porro maiores exercitationem tempora voluptatem qui aut.','nam',3,NULL,15,'1991-01-16 12:37:49','1977-08-04 22:44:14'),(16,16,'Magni libero voluptas delectus dolor harum. Totam enim eius eum. Voluptatibus repudiandae temporibus non. Ut id et quis vel quasi alias perferendis velit. Aut est omnis asperiores accusamus qui incidunt.','quia',584,NULL,16,'2004-03-09 03:05:51','1995-05-14 22:09:32'),(17,17,'Nam sapiente asperiores iste. Accusantium ut esse iste distinctio repellendus nobis. Omnis neque excepturi voluptatem quaerat rem tempore. Iure dignissimos dolore sapiente maxime voluptates omnis voluptas quia.','omnis',1,NULL,17,'2010-07-19 13:13:04','1975-07-21 19:52:14'),(18,18,'Consequuntur velit dolorum rem odit a quidem. Et adipisci sunt facere eum nam. Consequatur sequi est sed accusantium.','porro',55,NULL,18,'1995-10-02 01:07:20','1998-10-28 15:36:52'),(19,19,'Natus ut ducimus aut iure ut. Et maxime sapiente consequuntur et ad omnis. Fugit est in voluptas praesentium.','nihil',83,NULL,19,'1979-09-18 22:44:17','1997-04-02 13:33:31'),(20,20,'Harum illum officiis dolore nulla dolore. Omnis omnis fugiat et.','saepe',55289120,NULL,20,'2001-04-28 10:16:51','1978-12-18 06:57:07'),(21,21,'Necessitatibus quasi reiciendis ut. Mollitia alias eos consequatur molestiae recusandae non. Voluptatem temporibus exercitationem aliquam. Facilis aut voluptate expedita magnam est recusandae.','occaecati',6,NULL,21,'1970-03-20 22:24:43','2017-02-11 04:43:19'),(22,22,'Quasi voluptatum aspernatur ea sunt qui illum. Maxime est possimus aliquam adipisci beatae illo ipsum. Occaecati autem illum pariatur ea iusto.','aut',39052113,NULL,22,'2009-10-01 12:55:37','1973-11-01 00:07:43'),(23,23,'Aperiam voluptatem nisi vero quae ratione quod hic. Consequatur perferendis temporibus velit voluptas totam quis unde.','quia',0,NULL,23,'1973-07-30 09:39:10','2011-02-06 06:18:03'),(24,24,'Maxime est sit possimus quo sit. Eos distinctio aut esse rerum omnis sint. In tempora enim quidem repellat quidem eum rem. Inventore aliquid quia eos dolor autem inventore a eaque.','qui',500479284,NULL,24,'1994-02-13 11:45:53','1971-07-31 11:42:28'),(25,25,'Dolore sint quia voluptas ullam beatae. Temporibus iste amet excepturi maxime. Ullam beatae nam illo ipsum sint quia dignissimos maxime.','ipsum',0,NULL,25,'2008-11-05 00:58:03','1976-06-17 02:57:18'),(26,26,'Velit nihil repudiandae unde veritatis incidunt. Iste sint quas beatae necessitatibus in eveniet. Deserunt eum excepturi dolor delectus molestiae numquam. Molestiae dolores sit non illo sint.','iusto',27818,NULL,26,'1972-10-05 04:38:47','1979-02-02 19:44:27'),(27,27,'Cumque voluptatem non veniam labore quae veniam dicta. Commodi non magni enim numquam natus. Natus reiciendis adipisci id consequatur sequi. Ipsam voluptates maiores harum distinctio.','quia',71,NULL,27,'2014-12-07 03:57:03','1978-07-25 21:07:25'),(28,28,'Occaecati eaque voluptas officiis laudantium nihil corrupti nisi. Accusantium delectus reiciendis alias ad dolorem. Rem est repellendus ut quisquam. In delectus vitae delectus tenetur veritatis odit cum reiciendis.','commodi',824,NULL,28,'1983-10-04 22:33:33','1973-10-07 23:15:20'),(29,29,'Esse velit numquam provident odio. Vel velit assumenda magnam cum. Sunt ab ipsam enim eum porro. Molestias id nihil pariatur consequatur. Est quo animi sed et accusamus quis esse.','error',5,NULL,29,'2005-06-19 18:28:14','1972-11-17 16:18:05'),(30,30,'Quas nobis suscipit sapiente temporibus. Eum consequatur voluptas eos. Praesentium temporibus id quia consequatur et.','repudiandae',5,NULL,30,'1999-12-27 20:30:15','2008-08-25 12:00:34'),(31,31,'Rerum cumque omnis consectetur veritatis eligendi perferendis sapiente. Quis odio eum excepturi reiciendis et architecto. Nobis ut quidem ut qui reiciendis quia vel. Molestias molestias incidunt amet animi quisquam asperiores consequatur.','voluptas',25074507,NULL,31,'1989-03-07 03:27:42','2011-03-01 16:39:51'),(32,32,'At maxime reprehenderit est laboriosam veritatis autem tenetur voluptate. Dolorum sit excepturi at sed ut. Fugit ratione dolorem impedit ipsa. Dolorem molestias sunt a minus nam voluptate ut.','molestiae',28060403,NULL,32,'2015-07-07 10:00:26','1999-07-17 05:12:46'),(33,33,'Est similique rerum aspernatur deleniti eum officiis incidunt. Animi vero ut modi qui corrupti. Veniam voluptate quis ab qui. Et quia quaerat praesentium nulla labore.','consequatur',2,NULL,33,'2019-11-13 05:33:23','1986-12-23 23:30:11'),(34,34,'Autem minus et doloribus suscipit. Repellat rerum deserunt rem. Et ut odio dolorem exercitationem et.','dolorem',66078,NULL,34,'1993-09-29 14:26:05','2016-08-08 07:04:20'),(35,35,'Culpa dolores vel necessitatibus reiciendis sit. Repellat cum explicabo consequatur aut doloribus et. Dolore ut adipisci eos repudiandae iure molestiae ut. Nemo eveniet tempora nihil aut.','sed',98,NULL,35,'1991-06-03 07:23:07','2002-05-11 09:34:35'),(36,36,'Suscipit temporibus maiores voluptatem iure quam. Aut incidunt non id qui sint praesentium. Architecto ut fuga et consequatur aut.','et',61719,NULL,36,'1986-11-30 14:39:33','1994-11-18 02:11:07'),(37,37,'Consectetur blanditiis inventore minima eius facilis. Eos itaque voluptatem pariatur repudiandae accusamus aut. Sit sit omnis deleniti autem adipisci modi quod.','excepturi',475929532,NULL,37,'1971-07-09 14:31:28','1985-04-30 19:36:11'),(38,38,'Reprehenderit deleniti et autem rem dolorem. Quos explicabo expedita sequi perferendis molestiae. Alias explicabo quis rerum atque. Laboriosam et aut itaque porro quia.','cum',6213073,NULL,38,'1994-02-28 16:42:59','1988-12-15 06:42:50'),(39,39,'Delectus omnis cupiditate voluptas maxime ratione dolore. Tempore sed quidem voluptas ipsum porro. Soluta ea qui consequuntur ratione id ea voluptatum.','recusandae',199691144,NULL,39,'1987-02-27 05:35:37','2002-02-22 06:33:49'),(40,40,'Vitae omnis voluptatibus eos ipsam repellat. Ipsa quidem quis eos. Nam cupiditate quia cumque eius. Vel sit qui delectus error nihil exercitationem repellat.','temporibus',90,NULL,40,'2009-06-21 05:31:08','1997-11-05 09:53:12'),(41,41,'Aut laboriosam aut quia non asperiores. Ut nobis consectetur ipsam id dolores qui repellendus. Facere sint aspernatur reprehenderit voluptas aut assumenda. Qui rerum enim voluptas laborum ipsum reiciendis temporibus.','numquam',94130,NULL,41,'2020-05-09 01:44:08','2004-07-04 18:10:26'),(42,42,'Qui voluptatem reprehenderit neque sit. Eius sapiente totam autem culpa cum architecto. Error error nihil assumenda quis autem blanditiis.','quia',12,NULL,42,'1989-01-01 16:21:24','1980-05-23 14:31:12'),(43,43,'Tempore fugit ipsam porro accusamus dolore dolor. Qui dignissimos ut inventore iure. Cupiditate accusamus totam dolorem voluptas iste enim laborum.','qui',8544,NULL,43,'1994-06-06 12:28:10','2002-11-11 05:07:16'),(44,44,'Ut qui est maxime quis aut aut minima. Quibusdam accusamus totam et est. Eaque ad qui et consequatur ut itaque consequuntur. Et debitis repellat voluptatem non eius sequi fugiat dignissimos.','sed',937602,NULL,44,'1986-04-07 02:24:25','1975-09-14 18:30:00'),(45,45,'Eum adipisci eos quis et repudiandae. Consequuntur ipsum et et. Debitis et cumque a optio omnis qui ipsum. Sed voluptate vel et et delectus.','mollitia',0,NULL,45,'2011-10-11 15:35:56','1973-06-20 06:04:32'),(46,46,'Aut hic ut autem magni amet adipisci. Laboriosam veniam animi veniam sint cupiditate voluptatem qui. Et quidem harum consequuntur et doloremque nulla excepturi.','quia',401009,NULL,46,'1974-08-21 00:39:21','1975-05-09 04:24:39'),(47,47,'Rerum fugit deserunt eius nostrum libero. Ut eligendi temporibus porro sequi voluptatibus impedit. Doloremque voluptatem tenetur qui a quia est est. Dignissimos sunt asperiores cum voluptas omnis sed. Hic minima ipsum et modi omnis accusamus reprehenderit perferendis.','aperiam',96835,NULL,47,'1979-05-27 14:53:03','1991-03-19 12:56:57'),(48,48,'Iste quos alias quo iste explicabo error et ipsum. Aperiam nemo aut possimus quasi accusamus. Iusto non aut blanditiis nam minus provident. Delectus eum qui aut sit. Necessitatibus neque eos eaque placeat voluptatem eveniet et.','repudiandae',23357,NULL,48,'1990-07-15 23:09:38','2016-12-27 14:23:11'),(49,49,'Eos minus in qui expedita voluptatibus. Recusandae numquam necessitatibus similique itaque quo. Qui aut animi voluptatem et quibusdam. Suscipit aut non ut et vero nulla animi.','qui',784,NULL,49,'2009-07-10 01:08:41','1990-04-19 09:58:21'),(50,50,'Velit facere libero ea cupiditate. Voluptate illum quia ex enim atque. Architecto autem impedit asperiores cupiditate.','aliquam',97,NULL,50,'1979-09-17 21:28:57','2000-09-19 12:06:22'),(51,51,'Eos officia molestiae hic officiis qui. Quia suscipit deleniti sed et vel iure est. Temporibus dolorem ut recusandae in ea et corporis ex. Occaecati aut quod id quia sit quo vitae.','iusto',380,NULL,51,'1993-04-14 03:12:10','1981-07-28 06:55:37'),(52,52,'Temporibus ducimus aut vero dolores qui. Rerum dolore dolorem quos voluptatem saepe. Ut velit fugit et ratione quasi error.','molestiae',2901016,NULL,52,'2002-01-20 10:55:15','2012-04-13 05:34:53'),(53,53,'Voluptate a quia sit illo quia inventore dolorem. At nostrum atque alias voluptates tenetur odit. Reiciendis et dolorum qui dolor esse tenetur.','placeat',7491327,NULL,53,'2009-04-20 04:12:19','2009-08-24 05:40:51'),(54,54,'Itaque et tenetur non nam qui sint est. Ea autem earum deleniti ipsa excepturi omnis id. Quisquam itaque voluptatem sunt odit error veritatis nemo. Sequi ea ab esse possimus sint et architecto.','aliquam',8,NULL,54,'1995-11-18 13:49:15','1971-06-19 22:14:41'),(55,55,'Ullam tenetur nisi qui labore aspernatur optio perferendis. Itaque ipsam temporibus est sit id nesciunt reprehenderit. Incidunt incidunt et velit et perferendis quisquam voluptatum praesentium. Quaerat at voluptatem accusantium accusantium animi fuga sit.','voluptatem',994139,NULL,55,'2016-02-27 02:00:13','2020-02-10 20:55:16'),(56,56,'Quia cupiditate aliquam aliquam rerum modi doloribus. Optio est laborum quae. Enim voluptatem nostrum nobis recusandae quia quas.','quod',51112324,NULL,56,'2010-10-14 10:59:06','2007-06-04 15:51:10'),(57,57,'Ut placeat natus minus recusandae placeat eos nemo. Incidunt blanditiis ullam nesciunt qui aspernatur soluta consequatur. Sit possimus officiis magnam ipsa quia. Impedit odit est autem esse consequatur asperiores.','excepturi',9848909,NULL,57,'1981-09-04 07:13:27','1979-02-09 08:35:45'),(58,58,'Qui nobis et ipsa eos perferendis quia. Tenetur cumque ut voluptas impedit et. Culpa odit assumenda voluptatem voluptatum deleniti culpa.','tempora',7,NULL,58,'2006-11-09 22:41:29','1976-11-09 09:22:11'),(59,59,'Fuga cupiditate qui architecto consequatur earum cum voluptatum. Eveniet omnis accusantium numquam iusto. Rerum dolor enim incidunt tenetur et. Soluta harum similique exercitationem voluptatem.','assumenda',2,NULL,59,'1982-07-21 11:44:25','1985-12-20 06:15:59'),(60,60,'Aliquid qui inventore dolores saepe eius molestias odio. Et veritatis natus eligendi sunt quis et. Quisquam esse magnam iure aut ut.','repellat',275025975,NULL,60,'2014-10-13 23:20:18','1973-06-22 06:51:59'),(61,61,'Quis beatae deleniti qui voluptas architecto pariatur magni. Officia ut quia reprehenderit nemo dolore. Aperiam vero dolorem et et.','veritatis',78,NULL,61,'1988-07-26 12:34:33','2012-12-24 17:53:10'),(62,62,'Provident est eum ipsum placeat et unde. Veritatis aut ut sunt repellat aut a. Corporis voluptatem temporibus omnis omnis architecto eos velit cum. Sed corrupti quaerat quae. Doloribus quia cumque quae aut.','dicta',3181,NULL,62,'2007-11-22 04:38:02','1980-05-23 09:12:08'),(63,63,'Enim sit occaecati et. Dolorem officia ut error incidunt illum voluptatem doloremque. Totam sunt et esse blanditiis alias facilis.','reprehenderit',56,NULL,63,'1996-10-28 20:18:14','2015-09-25 22:27:02'),(64,64,'Voluptatibus temporibus ea architecto aliquid. Id aut recusandae atque vitae magni officiis. Molestias dolore alias eum ut iste iusto harum.','ducimus',0,NULL,64,'1987-01-30 00:21:46','2000-07-25 21:45:35'),(65,65,'Sequi eveniet non sed quis sed. Voluptatem aliquid non pariatur eum. Libero sequi doloremque quia.','rem',700857,NULL,65,'1988-03-02 21:33:40','2018-03-11 16:58:07'),(66,66,'Quibusdam dolorem quia quibusdam magni. Odit aut veniam assumenda ea.','quidem',0,NULL,66,'2009-02-09 09:42:05','1998-01-17 18:15:41'),(67,67,'Nihil ratione et qui voluptate numquam ea aut et. Natus nulla dicta occaecati et quaerat. Et maiores incidunt facilis voluptas tempora id voluptas. Nemo consequuntur neque aut accusamus amet.','cum',0,NULL,67,'1994-07-07 01:05:51','2007-01-10 20:10:15'),(68,68,'Sed soluta maxime et eum quos. Culpa ad corrupti sapiente autem facilis aut. Ut aut cumque voluptatum ad dolores eos.','rerum',24,NULL,68,'2009-10-19 19:26:30','2015-03-21 22:52:29'),(69,69,'Consequatur consectetur deserunt ut odit aut corporis ea. Maxime sint sunt minus aperiam in dolor delectus. Odio ut deleniti ad et.','beatae',105186,NULL,69,'1993-08-26 20:27:02','1994-08-08 00:48:27'),(70,70,'Nihil sunt placeat minus aperiam et veritatis. Repudiandae fugiat corporis quo ullam odio ut voluptatem adipisci. Et debitis quia neque doloribus numquam consequatur. Distinctio qui provident hic qui maxime eveniet.','excepturi',731,NULL,70,'2002-07-14 07:25:06','1971-09-13 20:02:25'),(71,71,'Non et porro ad. Earum voluptatum non eius aut sed non placeat. Fugiat earum mollitia deleniti.','cum',0,NULL,71,'2002-03-17 12:10:39','2009-11-01 17:47:46'),(72,72,'Reprehenderit eos commodi nam. Dolores alias ea qui officia ullam. Itaque delectus et est vero assumenda quos aperiam.','sit',7224,NULL,72,'1987-02-07 08:52:33','1973-05-08 23:30:11'),(73,73,'Aut expedita quos sunt. Aliquid et ducimus voluptas consequatur quae. Quos accusamus rerum et. Voluptatem mollitia et est voluptate corporis delectus.','ullam',730428839,NULL,73,'2015-11-03 14:06:22','2020-02-04 09:02:45'),(74,74,'Ratione eveniet praesentium neque non iste. Quibusdam labore necessitatibus dolore voluptatem beatae doloribus natus. Suscipit distinctio quaerat amet quia quia praesentium magnam.','cumque',5572,NULL,74,'1997-01-24 20:33:22','2015-02-01 20:38:25'),(75,75,'Aut voluptas rerum quisquam autem ea. Impedit nisi distinctio eligendi dolores molestiae commodi. Esse eveniet ipsam ullam odio.','aperiam',3958036,NULL,75,'1996-10-26 20:12:48','1991-02-12 16:38:17'),(76,76,'Quia et quaerat et reprehenderit praesentium itaque dolorum. Quia magni aut et provident ipsa exercitationem. In non neque aspernatur quod. Odio quia adipisci eveniet incidunt tenetur repellendus blanditiis.','veritatis',96202,NULL,76,'1999-11-07 09:37:52','2011-08-06 09:08:05'),(77,77,'Dolores officiis numquam molestiae repudiandae. Alias beatae totam laudantium veniam ab esse aliquam quia. Laborum impedit et at.','assumenda',367226311,NULL,77,'2012-05-23 01:24:41','1999-01-20 22:10:21'),(78,78,'Consectetur autem saepe ut sapiente quo debitis. Dicta esse qui perspiciatis aliquam ut impedit est. Est aliquam asperiores doloribus quos. Voluptate quae minus incidunt.','consequatur',5,NULL,78,'2012-10-26 12:06:44','1979-04-30 00:42:26'),(79,79,'Ea nisi tempora deleniti eveniet maxime. Nobis fuga beatae adipisci quo dolores saepe laboriosam fugit. Et tempore aliquam impedit amet. Dolorum consequatur quis distinctio nisi et.','tempore',947,NULL,79,'1980-05-06 13:51:04','1998-12-01 16:22:33'),(80,80,'Asperiores ipsum voluptas ut quos corrupti ratione odit. Autem aut tempore minus minima qui. Quia aliquid aspernatur assumenda et occaecati aperiam sit at. Ducimus iure culpa numquam.','soluta',86724,NULL,80,'2019-02-13 10:25:13','2015-11-25 12:58:42'),(81,81,'Qui aut voluptatem eum delectus et. Et est veniam eum consectetur rerum sint iste. Ullam deleniti dolores dolor est accusamus. Velit accusamus totam necessitatibus tempora unde voluptatem eum ea.','molestias',2494748,NULL,81,'1989-03-06 14:14:17','1989-05-16 04:48:09'),(82,82,'Ut animi ad aspernatur voluptas qui. Similique vero et at occaecati itaque est. Quod doloribus magni odio deleniti quaerat nihil iusto. Atque et placeat eos deleniti velit officia praesentium.','dolor',987901,NULL,82,'1980-09-25 01:37:55','2018-05-27 19:45:54'),(83,83,'Qui fugiat autem vero minima. Voluptatem voluptatem voluptatum et. Eveniet asperiores eum dolorem.','ipsum',3175,NULL,83,'1996-05-04 01:07:45','1990-09-08 02:19:16'),(84,84,'Consequatur numquam qui maxime fuga molestias. Dicta doloribus incidunt saepe. Non rerum quas quis quia aliquid.','velit',983187,NULL,84,'2006-10-21 10:09:47','2015-11-25 10:15:23'),(85,85,'Ut id iste quo repellat rerum. At quos adipisci amet eum blanditiis. Nam temporibus necessitatibus non dolor magnam ut culpa. Sunt dolor commodi et in.','laborum',1667255,NULL,85,'1990-06-07 09:37:18','1989-04-18 01:24:30'),(86,86,'Accusantium pariatur modi incidunt. Voluptatibus eveniet ab corporis magnam tenetur. Minus saepe qui autem. Minima eius porro veniam iure quisquam vel minus dolores.','et',35233071,NULL,86,'2014-09-07 18:00:51','2012-03-20 14:32:55'),(87,87,'Atque provident odit doloribus sed aut. Odit voluptatibus repellat exercitationem quaerat excepturi laborum et exercitationem. Ut porro in aut dolorum. Optio voluptatem non quasi.','vero',47,NULL,87,'1970-03-30 18:29:23','2012-07-30 16:39:01'),(88,88,'Delectus sapiente omnis itaque maiores eveniet eum veritatis nihil. Consectetur minus minima explicabo quisquam et quasi. Occaecati voluptatem et aperiam inventore totam fugit.','voluptatem',421305,NULL,88,'1983-05-24 14:23:05','2016-07-31 20:59:47'),(89,89,'Provident quos iure ipsa quisquam quod. Consectetur molestiae voluptatem tenetur nemo modi laudantium. Dignissimos modi doloribus minus neque.','fugit',6734,NULL,89,'2012-07-23 10:37:28','2011-08-22 09:28:52'),(90,90,'Eveniet voluptatem voluptates aut eum sit. Sit assumenda tenetur quia tenetur odio vel provident. Sit similique sequi ratione voluptas quis non sequi qui. Ab corrupti laudantium et officia eveniet aut.','ut',0,NULL,90,'1974-11-25 18:31:42','1980-01-02 18:41:37'),(91,91,'Repellat eaque itaque vero ea exercitationem consequuntur. Atque ad cupiditate nulla sapiente consectetur nisi. Suscipit facilis omnis nisi hic suscipit enim debitis. Sapiente placeat corrupti itaque cumque labore. Corrupti reiciendis impedit dolores ipsum impedit id.','ullam',17777629,NULL,91,'1986-03-18 22:33:24','1972-11-06 12:58:00'),(92,92,'Sunt provident alias itaque voluptas quos recusandae dolore. Dolores sint hic quas id quibusdam. Eveniet quae quo ut ut labore nemo.','quo',0,NULL,92,'1977-11-15 11:47:39','2018-02-15 17:30:59'),(93,93,'Expedita repellat quia natus corrupti occaecati laborum soluta. Quibusdam amet in corrupti et. Sunt ipsam eveniet voluptatem molestias. Laudantium minus mollitia et error vel vel molestiae facilis.','asperiores',78954709,NULL,93,'1977-08-06 07:22:11','2004-06-19 00:23:33'),(94,94,'Praesentium beatae et minus aut beatae. Vitae et quos reiciendis id quos. Quibusdam veniam non rerum eos et rerum. Tenetur vitae necessitatibus sed ut.','ut',1914717,NULL,94,'1973-08-13 18:02:29','1983-01-21 21:28:22'),(95,95,'Sit quo dolorem a ab sint. Odit autem velit culpa. Ullam aut blanditiis suscipit eius libero nobis voluptatibus. Similique nesciunt ad fugit ab ea.','repudiandae',4507613,NULL,95,'1977-11-04 04:30:03','1992-02-19 16:15:36'),(96,96,'Qui ut et facere nulla. Labore aut molestiae labore dolorum doloremque in et ad. Optio numquam itaque qui autem et. Et deleniti libero sunt quis non velit dolores. Maxime amet quo repellendus voluptatem.','velit',8,NULL,96,'1992-06-24 08:33:36','1994-05-20 15:42:55'),(97,97,'Autem est ut qui ut et maxime. Enim sapiente quibusdam dolore sunt et. Officiis suscipit cupiditate vero dignissimos perspiciatis nihil consequuntur. Laborum est asperiores quaerat aliquid.','aspernatur',9,NULL,97,'2003-02-25 01:14:51','1994-07-13 02:20:04'),(98,98,'Dolorem maiores natus aut et earum doloribus dolore. Qui facere voluptas non explicabo blanditiis animi reprehenderit. Aspernatur nam aperiam explicabo consequatur qui soluta. Corrupti distinctio nulla commodi illo dolorem perspiciatis aspernatur velit.','tenetur',890772378,NULL,98,'1979-11-10 14:41:46','1973-03-29 18:19:47'),(99,99,'Dolorum qui eligendi a voluptate voluptatibus animi quia. Consequuntur amet ipsa libero et temporibus et. Similique accusamus exercitationem omnis qui minima.','provident',530872165,NULL,99,'1985-06-12 20:05:38','2016-12-14 05:51:37'),(100,100,'Dolorem fugit animi molestiae a voluptas ipsam. Rerum possimus ipsum ea nesciunt. Et et fuga ut sapiente. Molestiae recusandae ex libero quidem.','esse',41388745,NULL,100,'2011-10-16 09:26:59','1978-01-01 11:13:31');
/*!40000 ALTER TABLE `media` ENABLE KEYS */;
UNLOCK TABLES;

--
-- Table structure for table `media_types`
--

DROP TABLE IF EXISTS `media_types`;
/*!40101 SET @saved_cs_client     = @@character_set_client */;
/*!40101 SET character_set_client = utf8 */;
CREATE TABLE `media_types` (
  `id` bigint(20) unsigned NOT NULL AUTO_INCREMENT,
  `name` varchar(255) COLLATE utf8mb4_unicode_ci DEFAULT NULL,
  PRIMARY KEY (`id`)
) ENGINE=InnoDB AUTO_INCREMENT=101 DEFAULT CHARSET=utf8mb4 COLLATE=utf8mb4_unicode_ci;
/*!40101 SET character_set_client = @saved_cs_client */;

--
-- Dumping data for table `media_types`
--

LOCK TABLES `media_types` WRITE;
/*!40000 ALTER TABLE `media_types` DISABLE KEYS */;
INSERT INTO `media_types` VALUES (1,'sequi'),(2,'ex'),(3,'nihil'),(4,'magni'),(5,'voluptatibus'),(6,'magnam'),(7,'ut'),(8,'qui'),(9,'nesciunt'),(10,'architecto'),(11,'quia'),(12,'temporibus'),(13,'necessitatibus'),(14,'enim'),(15,'sit'),(16,'vitae'),(17,'consequatur'),(18,'nulla'),(19,'sapiente'),(20,'aut'),(21,'consequuntur'),(22,'sunt'),(23,'voluptatum'),(24,'sapiente'),(25,'aperiam'),(26,'voluptas'),(27,'et'),(28,'debitis'),(29,'exercitationem'),(30,'sit'),(31,'commodi'),(32,'ad'),(33,'accusantium'),(34,'nostrum'),(35,'itaque'),(36,'omnis'),(37,'fuga'),(38,'necessitatibus'),(39,'dolorem'),(40,'numquam'),(41,'quam'),(42,'harum'),(43,'at'),(44,'quo'),(45,'aspernatur'),(46,'repellendus'),(47,'est'),(48,'vel'),(49,'veniam'),(50,'nulla'),(51,'delectus'),(52,'sit'),(53,'est'),(54,'molestiae'),(55,'dolorem'),(56,'impedit'),(57,'sed'),(58,'nulla'),(59,'molestiae'),(60,'fuga'),(61,'libero'),(62,'reiciendis'),(63,'itaque'),(64,'aut'),(65,'soluta'),(66,'excepturi'),(67,'magnam'),(68,'ratione'),(69,'occaecati'),(70,'nam'),(71,'sequi'),(72,'eligendi'),(73,'omnis'),(74,'facilis'),(75,'blanditiis'),(76,'porro'),(77,'non'),(78,'blanditiis'),(79,'rerum'),(80,'tempora'),(81,'consequatur'),(82,'et'),(83,'eveniet'),(84,'deleniti'),(85,'perferendis'),(86,'quod'),(87,'vero'),(88,'voluptatem'),(89,'nihil'),(90,'aliquam'),(91,'sequi'),(92,'sed'),(93,'minus'),(94,'nihil'),(95,'eum'),(96,'ut'),(97,'reprehenderit'),(98,'ut'),(99,'voluptatem'),(100,'optio');
/*!40000 ALTER TABLE `media_types` ENABLE KEYS */;
UNLOCK TABLES;

--
-- Table structure for table `messages`
--

DROP TABLE IF EXISTS `messages`;
/*!40101 SET @saved_cs_client     = @@character_set_client */;
/*!40101 SET character_set_client = utf8 */;
CREATE TABLE `messages` (
  `id` bigint(20) unsigned NOT NULL AUTO_INCREMENT,
  `from_user_id` bigint(20) unsigned NOT NULL,
  `to_user_id` bigint(20) unsigned NOT NULL,
  `body` text COLLATE utf8mb4_unicode_ci DEFAULT NULL,
  `created_at` datetime DEFAULT current_timestamp(),
  PRIMARY KEY (`id`),
  KEY `from_user_id` (`from_user_id`),
  KEY `to_user_id` (`to_user_id`),
  CONSTRAINT `messages_ibfk_1` FOREIGN KEY (`from_user_id`) REFERENCES `users` (`id`),
  CONSTRAINT `messages_ibfk_2` FOREIGN KEY (`to_user_id`) REFERENCES `users` (`id`)
) ENGINE=InnoDB AUTO_INCREMENT=101 DEFAULT CHARSET=utf8mb4 COLLATE=utf8mb4_unicode_ci;
/*!40101 SET character_set_client = @saved_cs_client */;

--
-- Dumping data for table `messages`
--

LOCK TABLES `messages` WRITE;
/*!40000 ALTER TABLE `messages` DISABLE KEYS */;
INSERT INTO `messages` VALUES (1,1,1,'Dolores deserunt culpa pariatur quis omnis iusto dolorem. Voluptate occaecati in placeat deleniti. Et dolorem quasi ducimus officiis quas sunt. Minus sequi placeat nesciunt et.','2021-03-26 05:05:21'),(2,2,2,'Aperiam facere provident et doloribus rerum asperiores veniam. Occaecati sit rerum enim. Perferendis consequatur repellat modi in.','1980-07-15 23:35:19'),(3,3,3,'Voluptatem adipisci rem saepe dolore. Nisi at fugit libero qui. Aperiam voluptatem tempore sed fugit.','2017-10-05 04:11:06'),(4,4,4,'Est id et at qui. Aut minima commodi sequi qui. Vel ex tempore aliquid. Sed necessitatibus saepe atque quis ut.','1983-06-14 22:58:05'),(5,5,5,'Molestiae quia dolores eos qui laborum nemo eum. Excepturi recusandae est sit a libero et dicta. Ipsa harum consequuntur et minus velit amet quos quasi.','2017-04-11 10:46:28'),(6,6,6,'Perferendis unde qui rerum consectetur non quisquam. Quia mollitia eligendi ea quas neque dolores. Suscipit harum aut aut et et. Incidunt velit eveniet qui.','2005-07-21 12:52:37'),(7,7,7,'Enim delectus et facilis occaecati dolorem. Tempora voluptatem dolorem laborum corrupti dolorem. Aliquid eum facere dolor nemo est voluptatem reiciendis dolores.','1989-12-22 09:25:19'),(8,8,8,'Libero non adipisci quidem excepturi maiores et consequatur. Id autem ea dolorem quo enim ipsum. Rerum ullam perspiciatis quia. Nesciunt ex ipsum est odio.','1997-09-17 00:21:51'),(9,9,9,'Sequi id et et accusantium consequatur aut accusantium. Exercitationem ut ducimus tempora et est illum ea. Inventore vero velit mollitia rem.','1993-04-03 21:03:34'),(10,10,10,'Qui est quaerat a officia maiores. Est eum amet in quis sed. Qui ea ex similique natus voluptatem est.','1976-09-19 08:01:50'),(11,11,11,'Dolores ut quidem aspernatur pariatur ut aliquam assumenda tenetur. Nemo molestiae et omnis temporibus numquam. Deserunt in aut reprehenderit voluptatem a qui nihil.','2018-04-12 21:50:38'),(12,12,12,'Laboriosam fugiat et facere doloremque. Sed voluptatem aliquid magni eligendi. Voluptatum aliquam non beatae est.','2008-06-10 15:49:52'),(13,13,13,'Fugiat dolores ipsam accusantium velit. Sint consequatur sed et et doloremque nemo quaerat. Sint ad voluptas eum aspernatur illum odit eos delectus. Asperiores tempore enim laboriosam sunt rem nihil. Dolores commodi ea dolorem nulla eligendi ipsam.','1972-12-04 15:57:36'),(14,14,14,'Fugit odit eos temporibus quo aperiam unde. Quia non autem voluptas nobis eius natus. Quisquam laboriosam ut dolorem quis.','2001-01-21 18:38:03'),(15,15,15,'Voluptas et et deleniti consequatur. Tempora eius et rerum libero voluptatum quasi. Nihil blanditiis similique cupiditate quam et consequatur.','1979-10-03 11:52:15'),(16,16,16,'Incidunt ut soluta fugit ut. Nobis ut eos et atque. Natus sunt numquam deserunt.','1998-11-26 18:27:42'),(17,17,17,'Et omnis optio necessitatibus nisi unde ipsa. Autem voluptas officia ut quo explicabo nam exercitationem. Velit facere dignissimos consequatur beatae neque hic. Magnam repudiandae recusandae placeat temporibus repellat dolor placeat atque.','1981-09-04 17:00:16'),(18,18,18,'Aliquid et velit distinctio eius et ut. Quia et in molestias debitis. Quia sunt numquam cum tenetur odit. Neque consectetur corrupti adipisci labore omnis voluptas repudiandae.','1993-10-27 15:23:17'),(19,19,19,'Animi vel quaerat quo vel maiores sunt. Id aliquid mollitia sequi quasi quis. Corporis rerum aut consequatur consequatur et in. Nihil omnis quia aliquid tempore.','1987-05-07 23:14:43'),(20,20,20,'Eveniet beatae error corrupti nihil similique. Impedit qui similique quis voluptas. Molestiae quia voluptatum sint qui voluptatem ab facilis. Beatae et repellendus earum rem esse quia.','2001-11-06 15:09:48'),(21,21,21,'Adipisci rem consequatur cumque maxime reprehenderit excepturi consequatur. Quidem at voluptatem voluptas quo perspiciatis aut. Facilis dolorem ratione iste ea et sit. Numquam et animi consequatur.','1974-09-01 15:54:40'),(22,22,22,'Exercitationem eos autem qui amet aperiam eum omnis. Recusandae dolorem consequuntur voluptas deleniti qui sint ipsum. Et eum velit id et vero.','1998-10-10 03:41:40'),(23,23,23,'Sint fugiat aut dicta ea accusantium excepturi harum porro. Qui odit iure sit sunt facilis doloribus consectetur dicta.','1991-01-23 01:22:04'),(24,24,24,'Dolore architecto quia fugiat fugiat quae esse sapiente. Porro eum qui ad adipisci consequatur molestiae est quia. Animi quia exercitationem tempora aut quo magnam et.','1999-06-06 15:31:02'),(25,25,25,'Nisi est sed non ut rerum. Voluptates molestiae eligendi optio voluptate aut. Recusandae ex quo quam eum id eos eveniet. Blanditiis in consequuntur minima id laudantium cupiditate.','1989-12-30 21:28:01'),(26,26,26,'Est dolor magni dicta sint ipsa aspernatur officiis. Maiores architecto at molestias non asperiores et esse atque. Suscipit est est ab expedita ab aut est. Non reprehenderit quidem est totam dolor deleniti esse omnis.','2003-10-22 05:44:27'),(27,27,27,'Non dolore cumque dolor est. Nemo assumenda sequi dicta voluptatibus dolorem laboriosam assumenda. Occaecati molestiae beatae a sit magnam cum doloremque ad.','1982-07-31 01:34:58'),(28,28,28,'Eveniet nisi repellat architecto quidem distinctio. Et dolores occaecati quaerat voluptas. Accusamus cum voluptates vel nihil ea. Nulla et consectetur qui esse quia expedita cum. Et temporibus et autem quam quia.','1985-05-18 16:13:03'),(29,29,29,'Consequatur quidem ea quod consequuntur expedita consectetur. Consequuntur voluptates aut porro asperiores consequatur. Magni minus delectus commodi aliquam.','1977-09-13 04:59:35'),(30,30,30,'Repellat sed necessitatibus quae est. Nisi magni in voluptatem deleniti eligendi possimus dolor consequatur. Repudiandae eos consequatur nam libero quod occaecati.','2009-05-29 22:46:00'),(31,31,31,'Odio ea voluptate qui sequi eos id. Accusantium sed nesciunt enim enim. Recusandae animi autem ex qui nobis aut dignissimos tempora.','1991-03-26 06:13:10'),(32,32,32,'Nostrum ut et et nemo impedit velit ex deserunt. Fugiat consequuntur recusandae asperiores animi. Rerum dolorum illo commodi incidunt occaecati et et. Incidunt accusantium dolor dolores perferendis voluptatem voluptates quis soluta.','2017-12-22 22:20:39'),(33,33,33,'Porro est suscipit eligendi molestiae iste. Enim ut deserunt ullam sed rerum quia. Libero rerum ullam nesciunt rerum facilis fugit incidunt. Facere veniam ullam reprehenderit consequatur sit ea ut.','1989-11-21 21:17:28'),(34,34,34,'Illo rerum consectetur aspernatur. Tempore atque adipisci sint doloribus sed sit alias. Eligendi incidunt distinctio neque qui culpa velit id assumenda. Eveniet quia ab et.','2021-03-15 09:00:30'),(35,35,35,'Tenetur iusto iusto sunt quibusdam velit. Dolore aliquid repudiandae est. Aut eum minus dolores ducimus incidunt aperiam. Culpa ut quod cumque incidunt blanditiis a.','2005-08-27 12:13:03'),(36,36,36,'Commodi qui sint tenetur voluptate sint. Nihil itaque quo et eveniet aspernatur.','2016-12-27 13:16:10'),(37,37,37,'Magnam dolores libero eum. Cum recusandae dolorum qui inventore. Accusantium est voluptas maxime deleniti. Quo quidem minus saepe eaque magnam repellat eum.','2004-07-22 05:13:29'),(38,38,38,'Non nisi occaecati sed suscipit voluptas aut. At provident recusandae aperiam voluptatem. Corrupti in quod facere tenetur.','2021-10-28 04:29:55'),(39,39,39,'Consequatur impedit quam officiis illo. Delectus facere earum omnis. Reiciendis aliquam qui velit aliquid autem veritatis. Rerum cumque ut dolorem totam necessitatibus consequatur.','2002-02-11 11:39:57'),(40,40,40,'Qui reprehenderit rerum unde sint. Ab quae beatae ea ducimus minus sunt est voluptatem. Sed odio impedit quae magnam.','2009-04-01 20:46:14'),(41,41,41,'Ratione distinctio nesciunt minima odio. Sit quia quae veniam qui mollitia. Ducimus labore sit consequatur.','2014-11-30 09:52:24'),(42,42,42,'Eveniet dolores dolor et velit. Dolorem doloremque distinctio quae voluptate. Iusto velit quibusdam voluptatem saepe.','1989-03-26 09:52:21'),(43,43,43,'Harum tenetur ea voluptatem. Fugit accusantium sapiente quidem vero id quae.','2012-06-17 06:58:39'),(44,44,44,'Velit optio in non repellat nulla. Quas consectetur esse omnis quod autem rerum est. Atque deserunt voluptatem similique est. Ad voluptates mollitia ab officiis fugit dignissimos quidem.','2021-06-30 14:11:29'),(45,45,45,'In ipsum aut quia voluptates aliquid soluta consequatur omnis. Corrupti perferendis facere reiciendis rerum id dolorem eos.','1980-06-06 09:55:14'),(46,46,46,'Voluptatem qui et quam quas. Totam omnis facere quis enim. Earum ullam perspiciatis quasi id voluptatibus.','1995-05-12 16:59:43'),(47,47,47,'Expedita itaque voluptatem aliquam. Consectetur nihil iste ea omnis maiores.','1981-03-18 09:57:20'),(48,48,48,'Omnis corrupti qui enim perferendis quae libero. Nostrum ex qui necessitatibus sunt earum provident sequi porro. Quod et consequatur et atque amet est autem.','1977-02-18 20:38:48'),(49,49,49,'Ad dolores nemo eum vitae fugiat ut amet. Distinctio adipisci recusandae harum nihil a fuga. Ut facilis ut eum voluptatem. Eos sequi nemo quo non tenetur veniam et.','1982-11-28 12:44:50'),(50,50,50,'Dolore qui aut temporibus nemo ipsa. Itaque asperiores molestiae ex possimus sint. Hic dolore harum quia et et accusantium impedit. Ducimus nostrum cumque quo.','1981-06-07 06:57:22'),(51,51,51,'Dignissimos sit voluptatem error. Ut soluta corporis ipsa distinctio necessitatibus nam ut. Provident nobis eaque in totam.','1999-05-26 11:59:46'),(52,52,52,'Quae nobis nemo iusto. Autem qui totam aut rerum. Et ut omnis sed culpa velit corporis vel delectus. Voluptates harum reprehenderit temporibus in sunt ipsa.','1988-12-18 02:52:36'),(53,53,53,'Delectus voluptatem perferendis autem atque. Voluptas nisi et itaque.','1987-07-08 08:16:19'),(54,54,54,'Ut repellat iure vero est ut. Provident assumenda consequatur molestiae ullam numquam quia. Veniam eligendi dolor quia vel cum id in. Id non voluptatibus repellat ut eligendi.','1973-10-09 16:23:05'),(55,55,55,'Ab dolore aut quod ut ut dolorem minus. Expedita et blanditiis doloremque aperiam. Deserunt rerum deleniti eos labore aut tenetur.','1983-06-12 12:59:33'),(56,56,56,'Soluta eum et consequuntur sed aspernatur fuga minus optio. Distinctio nostrum dolores omnis repudiandae odio at recusandae. Omnis sed quibusdam et quas. Sed iusto illum totam eaque dolorum et tempore. Voluptates et eos et sed cum asperiores.','2020-07-31 11:28:22'),(57,57,57,'Eaque sit rerum esse eos sed amet corporis. Nihil inventore nesciunt repellendus aut voluptatem libero dolor. Porro enim placeat et atque et atque in ullam.','1983-11-26 11:01:22'),(58,58,58,'Consequuntur maxime in nam provident. Quod dolorum dolore quibusdam voluptatem expedita quia voluptatem incidunt. Sit ut rerum consectetur quisquam in amet mollitia. Aspernatur similique unde voluptatem quidem ut velit quasi.','1984-10-02 18:56:36'),(59,59,59,'Voluptas quisquam magnam tempora ratione amet rerum id minus. Veritatis voluptatem quo quia.','1987-08-05 15:48:44'),(60,60,60,'Aperiam est quos architecto quo. Molestiae perspiciatis sint iusto quis in et. Numquam ut suscipit impedit et harum quidem fugit. Unde in officiis ad repudiandae ullam saepe.','2005-04-28 07:55:48'),(61,61,61,'Sint nemo optio labore qui. Voluptatem sit error eaque non libero reprehenderit. Voluptatem voluptas sed a quasi eum sed. Nesciunt aperiam ad magnam amet et quae pariatur.','2010-06-22 19:27:37'),(62,62,62,'Voluptatem provident facilis dolores ut maxime. Hic ab incidunt et adipisci atque perferendis. Qui sunt ut quae veniam quia quia.','1991-09-06 21:03:01'),(63,63,63,'Deleniti quibusdam numquam eligendi cumque. Sed magni ipsam asperiores velit. Sint unde ratione sunt.','1992-11-07 18:09:27'),(64,64,64,'Sit quam ea dolor quis qui. Molestiae voluptatem cumque suscipit exercitationem sequi cumque. Quo necessitatibus voluptatem excepturi necessitatibus voluptatem ut. Sit blanditiis quas non dolorem magni.','2008-04-21 16:01:48'),(65,65,65,'Sint esse eos perferendis porro. Distinctio cupiditate vero enim eaque quaerat asperiores. Alias qui ratione incidunt quo. Sapiente quia perferendis tenetur provident ab ipsum sed.','1970-12-03 03:44:11'),(66,66,66,'Ut quisquam est consequatur officiis. Similique occaecati corporis a sunt temporibus id ut sunt. Quia consequatur libero omnis.','2001-02-13 19:33:31'),(67,67,67,'Nobis et non fugiat. Quos ipsam suscipit placeat esse sapiente iste id. Quam consequatur blanditiis iure ut.','2007-07-24 08:43:19'),(68,68,68,'Aut sunt illum omnis et dolore odio. Aut dolor corrupti quis iste eos tenetur voluptas doloribus. Recusandae omnis fugit pariatur qui dolor voluptas quia.','2007-04-01 15:23:43'),(69,69,69,'Similique exercitationem laudantium ut perspiciatis et incidunt sed. Omnis laborum dicta libero vero. Quia perferendis sit quis sapiente quam.','1977-08-13 12:58:27'),(70,70,70,'Recusandae ut consequatur qui vitae reprehenderit eaque voluptatum. Sit eius quas assumenda qui architecto. Minima omnis quo dolores quisquam.','2021-04-09 01:33:08'),(71,71,71,'Ad ea consequatur minima amet possimus mollitia quam. Dolorem ullam omnis quod voluptas aut ex consequatur. Et iste et et iure facilis. Repellendus autem consequatur accusantium quo impedit quae magnam.','1988-06-15 21:57:08'),(72,72,72,'Consequatur id aut dolor. Eos repellendus quaerat maiores quaerat alias. Ut molestiae dolores beatae sit qui accusamus repellendus. Ab rerum magnam aperiam autem omnis ipsa. Possimus culpa architecto facere unde aut nobis quia.','1998-08-19 07:18:31'),(73,73,73,'Deleniti adipisci et ea consequatur odit sit laudantium. Corrupti et aut iste magnam consequatur quo. Sed aut ut fugit pariatur.','2014-07-08 18:16:12'),(74,74,74,'Voluptatem porro est officia enim dolorum. Repellat molestiae nisi magnam tempore sunt repellat. Doloremque ut labore nesciunt est voluptatum. Quod earum numquam et officia.','2008-11-15 02:50:38'),(75,75,75,'Odit vel iure rerum. At consequatur labore commodi dolor dolorem nemo quibusdam sit. Laudantium reprehenderit aliquid deleniti eligendi. Tempore et minus est non necessitatibus corporis velit nostrum.','2009-11-18 05:26:25'),(76,76,76,'Eos vel aut commodi amet aperiam fugiat. Quia omnis beatae qui quo nisi voluptatum aperiam. Est ipsum vitae quas qui aut nostrum veniam facilis.','1977-08-11 11:12:50'),(77,77,77,'Ipsa distinctio aut eveniet ea atque provident rem. Molestias dolores et consequatur neque occaecati. Ex repellendus impedit ut. Alias voluptatibus natus quaerat sit.','1998-04-16 20:17:43'),(78,78,78,'Possimus quia porro quis tempora eaque quo et beatae. Est repellat nulla ipsum. Aut velit in dolorem et libero dolorum consequatur et.','1978-08-30 05:54:08'),(79,79,79,'Nemo dicta quia animi. Sint est nihil et sed. Eum quo cumque voluptatibus consequatur at.','2007-08-07 12:43:24'),(80,80,80,'Non ab et recusandae repellat necessitatibus ab dolor. Distinctio asperiores quasi itaque expedita nostrum dolor. Voluptatem et illum sunt voluptatum est. Quo atque quibusdam rerum alias aut. Quod dignissimos aspernatur adipisci hic inventore doloremque.','2008-07-08 13:00:03'),(81,81,81,'Doloribus velit modi et aut delectus sed. Ex quo et deserunt omnis fuga unde quos. Ut officia odio dolorum ut.','1974-10-28 09:58:11'),(82,82,82,'Possimus sed quae aut rem est sequi quidem. Perspiciatis unde id ab omnis deleniti rerum. Eum dolores nihil et aut sed odio cumque voluptatem.','2015-09-05 05:02:03'),(83,83,83,'Facere sed et corrupti eius deleniti quod consequatur. Et et qui natus est et et. In doloribus aut neque quia labore autem. Omnis nesciunt ipsa est.','1977-07-03 13:42:57'),(84,84,84,'Consequatur cupiditate veniam nemo explicabo ut omnis. In corporis provident distinctio voluptas sed possimus. Earum reprehenderit cumque voluptatem debitis. Corrupti dolores non eligendi occaecati est.','2018-12-16 05:03:25'),(85,85,85,'Voluptate velit aliquid odio est dolor voluptatibus. Eius quam eum ut non quos voluptas sapiente. Illo voluptatem aut distinctio nulla. Quae eum itaque eligendi dolores amet cum. Ad dolor molestias ea occaecati cumque.','1973-12-05 09:00:29'),(86,86,86,'Esse eum et officiis maxime. Neque repellendus est culpa sint optio velit qui. Voluptas aspernatur quia culpa eos et voluptas.','1987-01-19 17:37:05'),(87,87,87,'Vitae tempora cupiditate et et. Est aut et ex eaque recusandae voluptatem unde ut. Id labore in suscipit deleniti.','1977-08-25 01:20:59'),(88,88,88,'Maiores et modi et autem asperiores. Cumque molestiae sit eaque ut.','2003-03-21 06:23:35'),(89,89,89,'Distinctio quo eaque eos mollitia. Et quia minus fuga quas. Aut temporibus et dolorem quis. Dolorem praesentium cupiditate eveniet ad.','1975-01-07 05:32:17'),(90,90,90,'Rerum occaecati qui eum et maxime. Molestiae voluptatem ut saepe voluptatem officia sit. Nisi animi repellendus sint fuga voluptatem. Consequatur dolores et repellendus et ipsam.','1986-03-24 15:59:36'),(91,91,91,'Iusto quos autem aut et vel non ex. Consequuntur occaecati itaque repudiandae assumenda eum cumque sed porro.','1995-06-24 21:58:26'),(92,92,92,'Maxime consequuntur necessitatibus aut. Qui animi voluptatem reprehenderit fugiat excepturi est dolorum veritatis. Ut quaerat corporis incidunt ea architecto repudiandae.','1983-05-28 13:12:14'),(93,93,93,'Ipsam vitae placeat architecto. Odit expedita ratione sed ducimus. Minus sint sint et doloremque.','1986-01-10 16:25:26'),(94,94,94,'Perspiciatis rerum facere excepturi. Deserunt distinctio repellat sunt in. Quia ipsa ea sed numquam sed.','2005-12-29 21:32:21'),(95,95,95,'Ut enim quidem doloremque aut officiis veniam ullam. Nobis aut est ut illo impedit corporis possimus tempora. Odit ex omnis consequatur sit eos sed dolores.','2019-02-16 09:03:58'),(96,96,96,'Nisi inventore sed aut sunt occaecati non. Aut veniam voluptas rerum velit. Omnis non rerum nostrum qui deleniti maxime. Et vel molestias sed.','1987-02-17 13:06:00'),(97,97,97,'Ut maiores explicabo dolore laboriosam non. Vero et expedita voluptas aspernatur provident. Perferendis dicta consectetur modi tenetur iste quasi voluptatem tenetur.','1994-07-12 12:51:03'),(98,98,98,'Voluptatem aut sed debitis. Doloremque quia quo beatae quisquam non impedit exercitationem. Officiis alias eum aut nemo animi aliquam amet est. Et adipisci neque delectus modi sint magnam.','1990-10-18 14:44:31'),(99,99,99,'Sed accusantium consequatur dignissimos voluptatem fugit quas modi. Voluptatum aperiam praesentium in nam ut. Aut et quasi expedita eveniet deleniti harum.','2009-12-02 13:36:30'),(100,100,100,'Voluptatibus modi et dolor maxime. Totam et hic nesciunt tenetur quibusdam. Rerum pariatur quia vitae blanditiis necessitatibus voluptatem repellat soluta.','1999-06-25 23:19:29');
/*!40000 ALTER TABLE `messages` ENABLE KEYS */;
UNLOCK TABLES;

--
-- Table structure for table `photo_albums`
--

DROP TABLE IF EXISTS `photo_albums`;
/*!40101 SET @saved_cs_client     = @@character_set_client */;
/*!40101 SET character_set_client = utf8 */;
CREATE TABLE `photo_albums` (
  `id` bigint(20) unsigned NOT NULL AUTO_INCREMENT,
  `name` varchar(255) COLLATE utf8mb4_unicode_ci DEFAULT NULL,
  `user_id` bigint(20) unsigned NOT NULL,
  PRIMARY KEY (`id`),
  KEY `user_id` (`user_id`),
  CONSTRAINT `photo_albums_ibfk_1` FOREIGN KEY (`user_id`) REFERENCES `users` (`id`)
) ENGINE=InnoDB AUTO_INCREMENT=101 DEFAULT CHARSET=utf8mb4 COLLATE=utf8mb4_unicode_ci;
/*!40101 SET character_set_client = @saved_cs_client */;

--
-- Dumping data for table `photo_albums`
--

LOCK TABLES `photo_albums` WRITE;
/*!40000 ALTER TABLE `photo_albums` DISABLE KEYS */;
INSERT INTO `photo_albums` VALUES (1,'mollitia',1),(2,'aut',2),(3,'quia',3),(4,'porro',4),(5,'sint',5),(6,'perspiciatis',6),(7,'quia',7),(8,'in',8),(9,'est',9),(10,'quaerat',10),(11,'ut',11),(12,'harum',12),(13,'voluptate',13),(14,'libero',14),(15,'mollitia',15),(16,'eos',16),(17,'beatae',17),(18,'dignissimos',18),(19,'et',19),(20,'natus',20),(21,'velit',21),(22,'voluptatem',22),(23,'reprehenderit',23),(24,'fuga',24),(25,'modi',25),(26,'deserunt',26),(27,'deleniti',27),(28,'expedita',28),(29,'quia',29),(30,'aliquid',30),(31,'vitae',31),(32,'iure',32),(33,'voluptatem',33),(34,'voluptates',34),(35,'placeat',35),(36,'quam',36),(37,'enim',37),(38,'eligendi',38),(39,'qui',39),(40,'adipisci',40),(41,'ducimus',41),(42,'velit',42),(43,'et',43),(44,'odio',44),(45,'et',45),(46,'explicabo',46),(47,'hic',47),(48,'et',48),(49,'eos',49),(50,'excepturi',50),(51,'ut',51),(52,'nobis',52),(53,'nihil',53),(54,'explicabo',54),(55,'adipisci',55),(56,'saepe',56),(57,'illum',57),(58,'et',58),(59,'repudiandae',59),(60,'quaerat',60),(61,'voluptatum',61),(62,'repellendus',62),(63,'occaecati',63),(64,'ipsam',64),(65,'doloribus',65),(66,'excepturi',66),(67,'omnis',67),(68,'qui',68),(69,'consequatur',69),(70,'odit',70),(71,'iusto',71),(72,'unde',72),(73,'architecto',73),(74,'saepe',74),(75,'voluptate',75),(76,'et',76),(77,'non',77),(78,'modi',78),(79,'quae',79),(80,'enim',80),(81,'amet',81),(82,'iure',82),(83,'magnam',83),(84,'similique',84),(85,'velit',85),(86,'eveniet',86),(87,'consectetur',87),(88,'cumque',88),(89,'aperiam',89),(90,'nobis',90),(91,'id',91),(92,'voluptas',92),(93,'ab',93),(94,'impedit',94),(95,'et',95),(96,'blanditiis',96),(97,'neque',97),(98,'earum',98),(99,'sunt',99),(100,'quia',100);
/*!40000 ALTER TABLE `photo_albums` ENABLE KEYS */;
UNLOCK TABLES;

--
-- Table structure for table `photos`
--

DROP TABLE IF EXISTS `photos`;
/*!40101 SET @saved_cs_client     = @@character_set_client */;
/*!40101 SET character_set_client = utf8 */;
CREATE TABLE `photos` (
  `id` bigint(20) unsigned NOT NULL AUTO_INCREMENT,
  `album_id` bigint(20) unsigned NOT NULL,
  `media_id` bigint(20) unsigned NOT NULL,
  PRIMARY KEY (`id`),
  KEY `album_id` (`album_id`),
  KEY `media_id` (`media_id`),
  CONSTRAINT `photos_ibfk_1` FOREIGN KEY (`album_id`) REFERENCES `photo_albums` (`id`),
  CONSTRAINT `photos_ibfk_2` FOREIGN KEY (`media_id`) REFERENCES `media` (`id`)
) ENGINE=InnoDB AUTO_INCREMENT=101 DEFAULT CHARSET=utf8mb4 COLLATE=utf8mb4_unicode_ci;
/*!40101 SET character_set_client = @saved_cs_client */;

--
-- Dumping data for table `photos`
--

LOCK TABLES `photos` WRITE;
/*!40000 ALTER TABLE `photos` DISABLE KEYS */;
INSERT INTO `photos` VALUES (1,1,1),(2,2,2),(3,3,3),(4,4,4),(5,5,5),(6,6,6),(7,7,7),(8,8,8),(9,9,9),(10,10,10),(11,11,11),(12,12,12),(13,13,13),(14,14,14),(15,15,15),(16,16,16),(17,17,17),(18,18,18),(19,19,19),(20,20,20),(21,21,21),(22,22,22),(23,23,23),(24,24,24),(25,25,25),(26,26,26),(27,27,27),(28,28,28),(29,29,29),(30,30,30),(31,31,31),(32,32,32),(33,33,33),(34,34,34),(35,35,35),(36,36,36),(37,37,37),(38,38,38),(39,39,39),(40,40,40),(41,41,41),(42,42,42),(43,43,43),(44,44,44),(45,45,45),(46,46,46),(47,47,47),(48,48,48),(49,49,49),(50,50,50),(51,51,51),(52,52,52),(53,53,53),(54,54,54),(55,55,55),(56,56,56),(57,57,57),(58,58,58),(59,59,59),(60,60,60),(61,61,61),(62,62,62),(63,63,63),(64,64,64),(65,65,65),(66,66,66),(67,67,67),(68,68,68),(69,69,69),(70,70,70),(71,71,71),(72,72,72),(73,73,73),(74,74,74),(75,75,75),(76,76,76),(77,77,77),(78,78,78),(79,79,79),(80,80,80),(81,81,81),(82,82,82),(83,83,83),(84,84,84),(85,85,85),(86,86,86),(87,87,87),(88,88,88),(89,89,89),(90,90,90),(91,91,91),(92,92,92),(93,93,93),(94,94,94),(95,95,95),(96,96,96),(97,97,97),(98,98,98),(99,99,99),(100,100,100);
/*!40000 ALTER TABLE `photos` ENABLE KEYS */;
UNLOCK TABLES;

--
-- Table structure for table `profiles`
--

DROP TABLE IF EXISTS `profiles`;
/*!40101 SET @saved_cs_client     = @@character_set_client */;
/*!40101 SET character_set_client = utf8 */;
CREATE TABLE `profiles` (
  `user_id` bigint(20) unsigned NOT NULL AUTO_INCREMENT,
  `gender` char(1) COLLATE utf8mb4_unicode_ci DEFAULT NULL,
  `birthday` date DEFAULT NULL,
  `photo_id` bigint(20) unsigned DEFAULT NULL,
  `created_at` datetime DEFAULT current_timestamp(),
  PRIMARY KEY (`user_id`),
  CONSTRAINT `fk_user_id` FOREIGN KEY (`user_id`) REFERENCES `users` (`id`) ON DELETE CASCADE ON UPDATE CASCADE
) ENGINE=InnoDB AUTO_INCREMENT=101 DEFAULT CHARSET=utf8mb4 COLLATE=utf8mb4_unicode_ci;
/*!40101 SET character_set_client = @saved_cs_client */;

--
-- Dumping data for table `profiles`
--

LOCK TABLES `profiles` WRITE;
/*!40000 ALTER TABLE `profiles` DISABLE KEYS */;
INSERT INTO `profiles` VALUES (1,'m','2005-01-29',1,'2020-04-03 04:55:17'),(2,'m','2021-09-11',2,'1981-08-26 08:17:25'),(3,'m','2006-07-21',3,'1987-11-20 17:42:04'),(4,'f','1991-05-29',4,'1982-11-19 08:46:10'),(5,'f','2014-11-07',5,'2013-05-31 15:38:37'),(6,'m','1990-04-22',6,'1983-01-08 03:00:32'),(7,'m','2016-03-08',7,'1998-03-13 08:40:53'),(8,'f','2006-05-31',8,'1997-08-02 23:15:21'),(9,'m','2017-10-31',9,'1990-07-02 03:29:50'),(10,'f','1978-04-22',10,'2002-07-27 06:55:41'),(11,'f','1998-07-11',11,'1990-07-23 17:09:43'),(12,'f','1987-07-03',12,'2019-05-17 12:47:20'),(13,'m','2015-08-04',13,'2019-05-31 19:42:46'),(14,'m','1994-04-01',14,'2001-05-10 12:56:47'),(15,'f','2001-02-11',15,'2007-10-20 04:51:44'),(16,'f','2016-01-08',16,'1976-05-15 20:57:26'),(17,'m','2012-04-22',17,'2010-06-17 03:36:08'),(18,'m','2012-04-20',18,'1989-02-20 20:28:39'),(19,'f','2019-09-24',19,'2002-08-31 04:47:17'),(20,'m','1982-02-09',20,'1991-01-23 03:24:19'),(21,'m','2003-07-30',21,'2012-11-01 18:26:39'),(22,'f','2016-07-29',22,'2006-05-25 16:10:25'),(23,'f','1975-12-12',23,'2008-10-11 01:46:44'),(24,'m','2020-04-01',24,'1981-10-06 22:01:10'),(25,'f','1992-08-25',25,'2020-01-04 07:57:03'),(26,'f','1981-10-24',26,'1983-01-01 00:40:49'),(27,'m','2005-04-07',27,'2009-07-24 00:34:50'),(28,'f','2020-09-25',28,'2007-02-03 23:16:25'),(29,'m','2010-07-25',29,'2008-03-28 01:18:19'),(30,'m','1979-07-25',30,'1975-04-11 22:39:29'),(31,'m','1984-12-18',31,'1992-08-09 07:14:02'),(32,'f','2015-12-23',32,'1992-04-20 21:07:42'),(33,'f','1974-10-04',33,'1989-12-15 22:35:49'),(34,'m','1987-01-07',34,'2021-09-09 11:18:37'),(35,'f','1974-05-08',35,'2011-05-23 06:35:15'),(36,'m','1991-11-14',36,'1994-09-04 12:58:50'),(37,'f','2004-01-15',37,'1988-01-04 06:57:00'),(38,'m','1997-08-19',38,'1973-04-17 12:15:59'),(39,'m','1984-09-01',39,'1994-03-04 22:50:48'),(40,'f','1983-11-11',40,'1978-05-28 04:28:49'),(41,'f','1974-10-04',41,'2007-07-28 09:54:38'),(42,'f','1993-10-02',42,'2009-06-25 08:08:37'),(43,'f','1983-06-06',43,'2013-11-15 04:10:44'),(44,'f','2012-03-14',44,'2005-01-11 10:33:37'),(45,'m','1970-04-01',45,'1986-11-29 10:29:58'),(46,'m','1986-03-28',46,'2017-08-23 22:51:00'),(47,'f','1985-10-15',47,'1972-12-05 07:00:59'),(48,'f','2007-06-05',48,'2018-06-10 12:20:02'),(49,'m','2005-11-17',49,'2009-02-28 04:55:46'),(50,'m','2005-11-03',50,'2011-06-08 21:07:35'),(51,'m','1987-11-29',51,'1991-06-27 13:46:49'),(52,'m','2001-11-27',52,'1994-04-26 09:33:39'),(53,'f','1970-10-13',53,'1975-02-25 11:00:27'),(54,'m','2017-10-23',54,'1995-05-29 09:47:05'),(55,'f','2009-01-29',55,'1985-05-20 11:42:26'),(56,'m','1987-11-13',56,'1999-09-30 20:42:30'),(57,'f','1994-09-07',57,'1996-08-06 22:34:50'),(58,'f','2008-08-31',58,'1979-04-03 12:36:57'),(59,'m','1974-08-22',59,'1974-12-26 09:30:30'),(60,'m','2005-05-02',60,'2000-08-19 06:40:46'),(61,'f','2009-03-23',61,'1974-11-15 12:16:31'),(62,'m','2004-03-20',62,'2009-08-21 11:50:07'),(63,'m','1996-10-28',63,'2006-05-08 15:05:54'),(64,'f','1973-10-12',64,'2004-12-12 15:28:42'),(65,'m','1982-03-17',65,'1977-03-05 22:33:37'),(66,'f','1981-10-07',66,'1989-06-04 11:05:56'),(67,'m','1970-06-11',67,'2018-03-03 15:19:12'),(68,'f','1992-05-04',68,'1980-06-17 06:58:39'),(69,'m','2008-06-30',69,'1989-06-24 22:50:29'),(70,'m','2015-01-17',70,'2007-03-29 07:03:34'),(71,'m','2004-06-27',71,'1996-01-03 01:18:49'),(72,'f','1992-11-29',72,'1975-06-11 07:08:28'),(73,'m','1981-07-10',73,'2000-09-11 22:10:14'),(74,'m','1986-02-21',74,'2004-09-09 00:13:56'),(75,'m','2009-03-04',75,'1979-06-19 13:12:22'),(76,'f','1992-07-09',76,'1984-06-09 14:16:03'),(77,'f','1976-11-03',77,'1993-10-04 08:15:00'),(78,'f','2015-09-30',78,'2016-07-02 15:49:43'),(79,'f','1990-08-31',79,'2017-10-20 21:24:02'),(80,'m','2005-09-11',80,'1978-04-08 19:12:51'),(81,'f','2002-04-07',81,'1990-02-12 09:19:17'),(82,'m','2013-06-21',82,'1976-05-22 23:10:24'),(83,'m','2000-11-18',83,'1974-09-11 20:52:11'),(84,'f','1977-04-23',84,'2021-05-12 05:03:40'),(85,'f','2006-02-04',85,'1983-06-07 23:21:24'),(86,'f','2011-03-18',86,'2000-12-13 13:03:54'),(87,'f','2021-04-13',87,'1987-06-27 05:10:56'),(88,'m','1990-07-14',88,'1991-11-20 16:16:39'),(89,'f','1979-07-17',89,'2010-12-05 04:39:43'),(90,'m','1975-06-22',90,'2012-05-19 19:18:31'),(91,'m','1976-03-16',91,'2001-05-25 03:57:37'),(92,'f','2021-09-01',92,'1984-05-08 13:31:46'),(93,'f','1995-09-22',93,'1979-05-06 02:49:36'),(94,'m','2007-12-08',94,'1982-10-29 20:29:44'),(95,'f','2021-11-19',95,'2014-11-13 20:12:35'),(96,'m','1977-03-26',96,'2006-07-13 20:24:43'),(97,'m','1979-11-20',97,'2001-01-29 20:39:41'),(98,'f','2015-01-03',98,'2013-08-01 18:37:56'),(99,'m','2008-12-20',99,'1982-08-27 03:11:20'),(100,'f','2005-11-30',100,'1985-05-28 11:13:54');
/*!40000 ALTER TABLE `profiles` ENABLE KEYS */;
UNLOCK TABLES;

--
-- Table structure for table `users`
--

DROP TABLE IF EXISTS `users`;
/*!40101 SET @saved_cs_client     = @@character_set_client */;
/*!40101 SET character_set_client = utf8 */;
CREATE TABLE `users` (
  `id` bigint(20) unsigned NOT NULL AUTO_INCREMENT,
  `firstname` varchar(100) COLLATE utf8mb4_unicode_ci DEFAULT NULL,
  `lastname` varchar(100) COLLATE utf8mb4_unicode_ci DEFAULT NULL COMMENT '',
  `email` varchar(120) COLLATE utf8mb4_unicode_ci DEFAULT NULL,
  `password_hash` varchar(100) COLLATE utf8mb4_unicode_ci DEFAULT NULL,
  `phone` bigint(20) unsigned DEFAULT NULL,
  PRIMARY KEY (`id`),
  UNIQUE KEY `email` (`email`),
  UNIQUE KEY `phone` (`phone`),
  KEY `users_lastname_firstname_idx` (`lastname`,`firstname`)
) ENGINE=InnoDB AUTO_INCREMENT=101 DEFAULT CHARSET=utf8mb4 COLLATE=utf8mb4_unicode_ci;
/*!40101 SET character_set_client = @saved_cs_client */;

--
-- Dumping data for table `users`
--

LOCK TABLES `users` WRITE;
/*!40000 ALTER TABLE `users` DISABLE KEYS */;
INSERT INTO `users` VALUES (1,'Skylar','Roberts','beier.carmen@example.net','8e697bdff77fb78694c6d7212fbc0ab1a6a98862',9038410346),(2,'Theo','Gerhold','douglas.deangelo@example.org','7337384958b04c1b50126c4b4be5d94892f7d307',9537094105),(3,'Sophia','Donnelly','nigel.wiegand@example.org','d8a1df85d55c8348b02599dab552ff7f2e014e36',9795693850),(4,'Garland','Bode','ward.raven@example.net','454ce11df9e27c37e05051638d7002436b23729d',9385705300),(5,'Manuel','Bechtelar','haley.tia@example.org','1a1a1762564b305dfa53c9fd5a52b23cb189ea3f',9848573736),(6,'Amara','O\'Hara','ycronin@example.org','2265c024dc017c4051a36d5ed898c234df071f8d',9581829773),(7,'Hanna','Wolf','carroll.kathleen@example.com','69c2c1d76199daa38bcf51860feba9f7dafa0fac',9863359329),(8,'Stanford','Gerlach','wbechtelar@example.net','a079631acf3d9c73c89ad9cf33c94934f708d74f',9802760371),(9,'Clare','Larson','millie98@example.net','8ac17bcf1f5deb9543dd77a34ca8fed93adaf400',9709676658),(10,'Jan','Stamm','kuphal.frederique@example.net','124859ac0afe5973fc8f6d5b1ae3fb8594a5695a',9645393495),(11,'Lina','Mertz','veronica52@example.com','5617a7e5222085b6536e4cffe69a6ad3d8c81f25',9579308931),(12,'Priscilla','Hickle','axel26@example.net','28bbed37a76e78b342021a84d375ce3cd5038ff1',9487460702),(13,'Jana','Cartwright','monique59@example.com','9b83780100c7457732d75cd3ef0b93b7607284a1',9573522683),(14,'Bradly','Gibson','medhurst.mariela@example.net','485ad62fde885b34f936fefe7c6da18e90d69e73',9450411790),(15,'Leon','VonRueden','ervin68@example.com','0febc4795b356ee77d5204b7f13fed70551cb9aa',9045675271),(16,'Clara','Swift','beichmann@example.org','bc94fd7d85de2acc8889e0aaa1d6fcef414756a6',9983836955),(17,'Amy','Rice','marge78@example.com','35edf477e5cbcee6804df824b48d4bd8c38810a9',9981938916),(18,'Sadye','Waters','jbotsford@example.org','0239de2c52d791e185278764c03bfaeb1e0f1325',9290660654),(19,'Miles','Bechtelar','verna.moore@example.com','f1eb89fbde3ed54bb0bedca790da987f127dedb1',9786098251),(20,'Clara','Dickens','zratke@example.com','19274587a71babfb11b146f35ddca929d22e9ee1',9963061766),(21,'Izabella','Towne','hettinger.blair@example.net','647fdac12caf00bb918f495be700d99e0364964d',9098235712),(22,'Pink','Frami','stracke.janae@example.com','4b7140c346ea933955b1fccd33bbb4709fc234f6',9756926068),(23,'Joany','Ziemann','harber.levi@example.net','3e535954d18e8ed72998475c4650ace322c5cce5',9391080778),(24,'Louie','Schroeder','mallie.funk@example.com','4257efa85d6b2715001465000ed7d05b3727c00e',9469818003),(25,'Aglae','Wiegand','buster.rogahn@example.net','36d47212951a615fba589bce2860567345a44131',9335019126),(26,'Dexter','Schimmel','jacobs.athena@example.org','ddba06c8b7f79e30aca1ad50792df641255bbf0e',9080279744),(27,'Anahi','Howe','asawayn@example.com','8671bb3ad9adf08b38b3752ae8874c2059ba0063',9781028512),(28,'Maximillian','Miller','mireille.larson@example.org','253b3867ed463347981c35165bb46c57a8025e4d',9211271206),(29,'Peggie','Kulas','ethelyn.wiza@example.org','14bd27f4a70764675622703db5affc73e6d1d19d',9034128678),(30,'German','Dicki','addison40@example.com','b988c2fef688b145998d2cee55895667480e6741',9779952234),(31,'Casey','Beier','johnny75@example.org','049772ef9428796e406db08aec62fbdb2f15bc23',9377776116),(32,'Franco','Kub','ctillman@example.org','a46ffca8ef0dec06db6b0b3522564fbc6a27a985',9431293143),(33,'Shad','Smitham','corine.schimmel@example.com','fbf794e6532ce51448f50f7bbe30fa6d02b2ed0f',9570734381),(34,'Tyrique','Strosin','claudia41@example.net','ce89e497f58b12df6925dd8333d8edf12c974da8',9079637188),(35,'Nelda','Gislason','elinore67@example.org','99af7943d1f660ded85ce0bc2b8322dd1f7ad631',9082268652),(36,'Susan','Monahan','sarah.doyle@example.org','73aa70bec436627a863d5131ee2bf7e7b39f3444',9267210380),(37,'Brianne','Green','lucie79@example.com','625f4e60d46abfc08347cb40a61ee0f0394d8fb7',9259423733),(38,'Diana','Douglas','charles.renner@example.org','1e33d796c3c63bd132d50e76923818dafab00842',9589921359),(39,'Elouise','Casper','born@example.net','f5b6f3926b8753c3c5948a434475ab368be6b2b3',9003551327),(40,'Watson','Walker','tillman.stephania@example.com','082d5fc711ee40a0fcc426b50f85152b0f1293dc',9740311985),(41,'Dylan','Pfeffer','qschroeder@example.net','a2af20a9c5cb93b965a0c2745f75510be42e3ac1',9449107436),(42,'Kenyatta','O\'Conner','kailyn.renner@example.net','890e5388bb293b18e84a5ca565b9f81b3a476703',9735151918),(43,'Fiona','Jacobi','zboncak.ethan@example.org','8625685922be0d419cc90404babfc2b5e2d10d66',9996236957),(44,'Wilfrid','Barrows','samara70@example.net','350d61d238c34779a8e0051b774c2ce5cc8127b3',9557909375),(45,'Ericka','Nicolas','kassandra.abbott@example.net','c3c931cedd384e296730e08a126027baa7cef2ba',9739145104),(46,'Torrance','Kris','lorenza76@example.com','a7125bc7af7d37a2c66f99b2a88a81bd573b51f9',9810797332),(47,'Katlyn','Daniel','simeon.mayer@example.com','d2c217431f970fbeb42a95ce7a6c1e0bc848a9d4',9584772012),(48,'Jewel','Kuvalis','coralie.haag@example.org','366b906a7457e39dc9106096cd9c103253457094',9566561793),(49,'Cierra','Crona','von.mertie@example.net','a01683037d9ad037c850ff38c5ff646f1c0ea693',9654147739),(50,'Tomasa','Hilll','prosacco.jorge@example.net','af709db869b3d363d70b0ecc024adff4e32dc118',9917477539),(51,'Paula','Keeling','sam70@example.net','83a89a03b17aa1ab6019d088e9eaf2fca9ff1a6d',9053883980),(52,'Jeff','Hermiston','estefania83@example.org','31727394211f3441cac72cd32945ab1e903dc325',9477434411),(53,'Jaclyn','Gusikowski','strosin.ebba@example.org','5683ea3eb49b33e9db6cd121bfb599bee6b0caa3',9199692271),(54,'Nya','Wisoky','brady83@example.net','0fff9f9f66958b8e38365e951a7d3cc371737a88',9658517738),(55,'Rhea','Hermann','charlie73@example.org','a467251a90a444ba0106ef13be3b8eca7d60886e',9911528749),(56,'Weldon','Hodkiewicz','eileen.frami@example.org','618711e627d2becc696eb6f9673b8b262eaf388b',9501634593),(57,'Luz','Fadel','dsenger@example.net','7825167f26ef1279bf43027afab82775403d9163',9722943261),(58,'Milan','Boehm','walter.ankunding@example.com','ac0f634e63cefab87a0c2a833f14c8637c9825f8',9061568380),(59,'Jayme','Pfeffer','zieme.amani@example.org','e923e6cef5b2c8a69243f0c47561a9ca439c7fea',9192534367),(60,'Dimitri','Price','rosina.flatley@example.org','b90f6bb0f6c1adbca569259630ef31b12f50ab26',9693358509),(61,'Lera','Wehner','bvonrueden@example.net','d64d99a64afe7d1512a77b8787d9c64e7d1de21d',9239034723),(62,'Kianna','Beatty','bashirian.fidel@example.org','f4f0a5f15dd049c4c17aa1e383e994a39c124b40',9578139408),(63,'Filiberto','Lind','ehilll@example.org','2c4f3a0e699920698de3a0ac34943e1b5cb8dc5a',9917546266),(64,'Rosendo','Dare','janice.tromp@example.org','6e23c2bcf207ab12623c4fab8b5fb977bc903116',9442073720),(65,'Junior','Ritchie','stark.leatha@example.org','d023314b88dfadd0eaa3e7dc8971fab52f23cf4c',9694433349),(66,'Angela','Reynolds','hintz.clementine@example.net','19f69b5158fd460a4cf711e3536e4f756364eeb0',9440563069),(67,'Abe','Frami','labadie.donnell@example.com','4a255d1dc714d0df88b1b36e031b5f5b28cf820f',9061262254),(68,'Willie','Romaguera','mona.gislason@example.net','49666320c4157d5387a98636020837bcad938891',9778560310),(69,'Juanita','Hegmann','morar.koby@example.org','d767f3310222cff5643cb5e39f581d365a317e57',9421177090),(70,'Raheem','Davis','benedict66@example.net','38f395bbbc464507881714557d919d2d36cf7539',9542290002),(71,'Vida','Daugherty','legros.kurt@example.com','b1d24e16ec44ceebd5625f8b7e3c07f6c2991925',9002648765),(72,'Odessa','Herman','vratke@example.com','6a7a44ea8e5a5c002b97e66bb58dff5b1eeb0595',9506659320),(73,'Janiya','McClure','beahan.linnie@example.org','dfd4e862921257faaf487523ece6892dd6c7be79',9357034619),(74,'Leonel','Williamson','volkman.franz@example.net','8d37fc0bb82e38c61913d7e21351cee15566dc31',9713653957),(75,'Asha','Huel','gboehm@example.net','8430a9589ee7495e10cd0568723f5cea4cc6f534',9557881683),(76,'Raheem','Rohan','laney.renner@example.org','c4180aafd1c13b8210af1539e08b882ef587f3fd',9212661843),(77,'Orpha','Koepp','avandervort@example.net','bfdbbf02f31408b9d370bdf162d601d202ce567d',9882974375),(78,'Jazlyn','Reinger','nschneider@example.net','2070f448e8e071c5b6705b2a32d14cbdbefccde3',9976655372),(79,'Myrtis','Lind','abbott.cleveland@example.org','704c23783d058dc01de734870ee54381459db734',9530321722),(80,'Wyman','Kunde','mosciski.laila@example.org','ea8c01209a9515dce4cace1adfb192fefc56e96e',9502917760),(81,'Alivia','Schoen','micheal37@example.com','a03f778b865a0dee6eced9ccaa535377b92d32f6',9780100073),(82,'Whitney','Hirthe','jarvis49@example.net','7552b4e73657ed2279da714b9f5d4c1e39394102',9906212042),(83,'Brisa','Murray','schneider.monserrat@example.net','af9c5c96ab18321d4c4cef53405c77086de5ac43',9943041827),(84,'Jacynthe','Auer','sigmund.carter@example.com','c52c81b86479fc7b4cebcb4143b806246f8fabc4',9081057015),(85,'Crystel','Herman','jmarvin@example.net','449f5dbcc2cecba3ad6749e95b6fde5b00e47be4',9790725270),(86,'Nick','Schowalter','predovic.eleanore@example.org','26099eec5cb9b8c0901ffc1ac511f42263f459fc',9819504675),(87,'Pierce','Cronin','audie.nikolaus@example.org','7b0047899de19f0e0427058f364202759c826f69',9134395610),(88,'Brant','Reichert','sterling12@example.net','59b4b7149fdb3c363d800514408d9a3a02cb06e2',9462498809),(89,'Hilma','Friesen','hessel.maeve@example.com','b9ee4c82a700f7e580a8866021de09995ddd89a6',9291001960),(90,'Gladyce','Powlowski','baumbach.charity@example.net','94d60a1ab3a5ec899605b2f9207e0b866cd04f05',9607493353),(91,'Avery','Koss','sonny35@example.org','ee7795c7818d3440389af7a83ee393f7d3ca050d',9335411487),(92,'Lavonne','Kuhlman','oswald.hahn@example.org','e188c594dd4cc581594363a5738237329a691d0d',9082854394),(93,'Susana','Rogahn','earlene26@example.com','2c413ea2dfc220edc449d96eb7f4f202ad824be5',9723925932),(94,'Eunice','Hane','theresia.murray@example.org','5097746d8a5eb1b67dc4194165b7676bc7abd49e',9028550366),(95,'Raymundo','Blanda','clarissa.shields@example.org','d940182f47d68a1661e79ec8edb2cea8180e22f2',9245184722),(96,'Janiya','Mayer','lang.destin@example.net','9127e4467129ed3a912a008fce6c5a751c650005',9938864777),(97,'Marcel','Hessel','haven97@example.com','37db25b6424d247ac78349885ec91772940b3d79',9559816157),(98,'Lane','Will','anjali85@example.com','bd72cfc0b79ad945b0c72b05c87c249fa4615acb',9224183827),(99,'Valerie','Bailey','trowe@example.net','813240e94d03fd32de64c2eecd4204eb7cbfd83b',9884969981),(100,'Wayne','Carroll','thompson.dasia@example.net','4b7e6cec87d272679191182677249a35a46f8f69',9250082047);
/*!40000 ALTER TABLE `users` ENABLE KEYS */;
UNLOCK TABLES;

--
-- Table structure for table `users_communities`
--

DROP TABLE IF EXISTS `users_communities`;
/*!40101 SET @saved_cs_client     = @@character_set_client */;
/*!40101 SET character_set_client = utf8 */;
CREATE TABLE `users_communities` (
  `user_id` bigint(20) unsigned NOT NULL,
  `community_id` bigint(20) unsigned NOT NULL,
  PRIMARY KEY (`user_id`,`community_id`),
  KEY `community_id` (`community_id`),
  CONSTRAINT `users_communities_ibfk_1` FOREIGN KEY (`user_id`) REFERENCES `users` (`id`),
  CONSTRAINT `users_communities_ibfk_2` FOREIGN KEY (`community_id`) REFERENCES `communities` (`id`)
) ENGINE=InnoDB DEFAULT CHARSET=utf8mb4 COLLATE=utf8mb4_unicode_ci;
/*!40101 SET character_set_client = @saved_cs_client */;

--
-- Dumping data for table `users_communities`
--

LOCK TABLES `users_communities` WRITE;
/*!40000 ALTER TABLE `users_communities` DISABLE KEYS */;
INSERT INTO `users_communities` VALUES (1,1),(2,2),(3,3),(4,4),(5,5),(6,6),(7,7),(8,8),(9,9),(10,10),(11,11),(12,12),(13,13),(14,14),(15,15),(16,16),(17,17),(18,18),(19,19),(20,20),(21,21),(22,22),(23,23),(24,24),(25,25),(26,26),(27,27),(28,28),(29,29),(30,30),(31,31),(32,32),(33,33),(34,34),(35,35),(36,36),(37,37),(38,38),(39,39),(40,40),(41,41),(42,42),(43,43),(44,44),(45,45),(46,46),(47,47),(48,48),(49,49),(50,50),(51,51),(52,52),(53,53),(54,54),(55,55),(56,56),(57,57),(58,58),(59,59),(60,60),(61,61),(62,62),(63,63),(64,64),(65,65),(66,66),(67,67),(68,68),(69,69),(70,70),(71,71),(72,72),(73,73),(74,74),(75,75),(76,76),(77,77),(78,78),(79,79),(80,80),(81,81),(82,82),(83,83),(84,84),(85,85),(86,86),(87,87),(88,88),(89,89),(90,90),(91,91),(92,92),(93,93),(94,94),(95,95),(96,96),(97,97),(98,98),(99,99),(100,100);
/*!40000 ALTER TABLE `users_communities` ENABLE KEYS */;
UNLOCK TABLES;
/*!40103 SET TIME_ZONE=@OLD_TIME_ZONE */;

/*!40101 SET SQL_MODE=@OLD_SQL_MODE */;
/*!40014 SET FOREIGN_KEY_CHECKS=@OLD_FOREIGN_KEY_CHECKS */;
/*!40014 SET UNIQUE_CHECKS=@OLD_UNIQUE_CHECKS */;
/*!40101 SET CHARACTER_SET_CLIENT=@OLD_CHARACTER_SET_CLIENT */;
/*!40101 SET CHARACTER_SET_RESULTS=@OLD_CHARACTER_SET_RESULTS */;
/*!40101 SET COLLATION_CONNECTION=@OLD_COLLATION_CONNECTION */;
/*!40111 SET SQL_NOTES=@OLD_SQL_NOTES */;

-- Dump completed on 2021-11-23 11:54:43
