-- MariaDB dump 10.19  Distrib 10.5.12-MariaDB, for Linux (x86_64)
--
-- Host: mysql.hostinger.ro    Database: u574849695_16
-- ------------------------------------------------------
-- Server version	10.5.12-MariaDB-cll-lve

/*!40101 SET @OLD_CHARACTER_SET_CLIENT=@@CHARACTER_SET_CLIENT */;
/*!40101 SET @OLD_CHARACTER_SET_RESULTS=@@CHARACTER_SET_RESULTS */;
/*!40101 SET @OLD_COLLATION_CONNECTION=@@COLLATION_CONNECTION */;
/*!40101 SET NAMES utf8mb4 */;
/*!40103 SET @OLD_TIME_ZONE=@@TIME_ZONE */;
/*!40103 SET TIME_ZONE='+00:00' */;
/*!40014 SET @OLD_UNIQUE_CHECKS=@@UNIQUE_CHECKS, UNIQUE_CHECKS=0 */;
/*!40014 SET @OLD_FOREIGN_KEY_CHECKS=@@FOREIGN_KEY_CHECKS, FOREIGN_KEY_CHECKS=0 */;
/*!40101 SET @OLD_SQL_MODE=@@SQL_MODE, SQL_MODE='NO_AUTO_VALUE_ON_ZERO' */;
/*!40111 SET @OLD_SQL_NOTES=@@SQL_NOTES, SQL_NOTES=0 */;

--
-- Table structure for table `communities`
--

DROP TABLE IF EXISTS `communities`;
/*!40101 SET @saved_cs_client     = @@character_set_client */;
/*!40101 SET character_set_client = utf8 */;
CREATE TABLE `communities` (
  `id` bigint(20) unsigned NOT NULL AUTO_INCREMENT,
  `name` varchar(150) COLLATE utf8mb4_unicode_ci DEFAULT NULL,
  PRIMARY KEY (`id`)
) ENGINE=InnoDB AUTO_INCREMENT=101 DEFAULT CHARSET=utf8mb4 COLLATE=utf8mb4_unicode_ci;
/*!40101 SET character_set_client = @saved_cs_client */;

--
-- Dumping data for table `communities`
--

LOCK TABLES `communities` WRITE;
/*!40000 ALTER TABLE `communities` DISABLE KEYS */;
INSERT INTO `communities` VALUES (1,'et'),(2,'itaque'),(3,'voluptatem'),(4,'dicta'),(5,'assumenda'),(6,'fugit'),(7,'quibusdam'),(8,'dolor'),(9,'voluptates'),(10,'corrupti'),(11,'aut'),(12,'rerum'),(13,'consequatur'),(14,'in'),(15,'autem'),(16,'pariatur'),(17,'soluta'),(18,'quae'),(19,'rerum'),(20,'labore'),(21,'impedit'),(22,'dolor'),(23,'quam'),(24,'non'),(25,'ad'),(26,'quidem'),(27,'repellat'),(28,'dolores'),(29,'sit'),(30,'ut'),(31,'nostrum'),(32,'et'),(33,'id'),(34,'perspiciatis'),(35,'dolores'),(36,'labore'),(37,'quisquam'),(38,'ut'),(39,'rerum'),(40,'omnis'),(41,'dolore'),(42,'perferendis'),(43,'deserunt'),(44,'sint'),(45,'omnis'),(46,'aperiam'),(47,'non'),(48,'voluptatem'),(49,'error'),(50,'laborum'),(51,'rem'),(52,'qui'),(53,'harum'),(54,'reiciendis'),(55,'voluptas'),(56,'sapiente'),(57,'deserunt'),(58,'inventore'),(59,'repellendus'),(60,'deleniti'),(61,'praesentium'),(62,'possimus'),(63,'culpa'),(64,'explicabo'),(65,'fugiat'),(66,'culpa'),(67,'tempora'),(68,'voluptate'),(69,'ut'),(70,'qui'),(71,'dolorem'),(72,'consequatur'),(73,'ullam'),(74,'culpa'),(75,'cumque'),(76,'nobis'),(77,'non'),(78,'accusamus'),(79,'porro'),(80,'adipisci'),(81,'porro'),(82,'vel'),(83,'ut'),(84,'dignissimos'),(85,'dolores'),(86,'quia'),(87,'debitis'),(88,'non'),(89,'ut'),(90,'qui'),(91,'tempora'),(92,'est'),(93,'quam'),(94,'nemo'),(95,'accusamus'),(96,'dolor'),(97,'aperiam'),(98,'tenetur'),(99,'est'),(100,'repudiandae');
/*!40000 ALTER TABLE `communities` ENABLE KEYS */;
UNLOCK TABLES;

--
-- Table structure for table `films`
--

DROP TABLE IF EXISTS `films`;
/*!40101 SET @saved_cs_client     = @@character_set_client */;
/*!40101 SET character_set_client = utf8 */;
CREATE TABLE `films` (
  `id` bigint(20) unsigned NOT NULL AUTO_INCREMENT,
  `name` varchar(255) COLLATE utf8mb4_unicode_ci DEFAULT NULL,
  `media_id` bigint(20) unsigned NOT NULL,
  PRIMARY KEY (`id`),
  KEY `media_id` (`media_id`),
  CONSTRAINT `films_ibfk_1` FOREIGN KEY (`media_id`) REFERENCES `media` (`id`)
) ENGINE=InnoDB AUTO_INCREMENT=101 DEFAULT CHARSET=utf8mb4 COLLATE=utf8mb4_unicode_ci;
/*!40101 SET character_set_client = @saved_cs_client */;

--
-- Dumping data for table `films`
--

LOCK TABLES `films` WRITE;
/*!40000 ALTER TABLE `films` DISABLE KEYS */;
INSERT INTO `films` VALUES (1,'quo',1),(2,'qui',2),(3,'fuga',3),(4,'voluptas',4),(5,'possimus',5),(6,'molestiae',6),(7,'est',7),(8,'quos',8),(9,'et',9),(10,'sequi',10),(11,'doloremque',11),(12,'optio',12),(13,'cumque',13),(14,'quis',14),(15,'occaecati',15),(16,'eligendi',16),(17,'laboriosam',17),(18,'ratione',18),(19,'vel',19),(20,'illum',20),(21,'blanditiis',21),(22,'deleniti',22),(23,'cupiditate',23),(24,'quis',24),(25,'corporis',25),(26,'expedita',26),(27,'beatae',27),(28,'accusamus',28),(29,'natus',29),(30,'dolores',30),(31,'nostrum',31),(32,'iste',32),(33,'laudantium',33),(34,'deleniti',34),(35,'labore',35),(36,'vel',36),(37,'ipsum',37),(38,'odit',38),(39,'accusantium',39),(40,'sed',40),(41,'molestiae',41),(42,'molestias',42),(43,'qui',43),(44,'doloremque',44),(45,'deserunt',45),(46,'nulla',46),(47,'quis',47),(48,'ut',48),(49,'et',49),(50,'dolorem',50),(51,'quibusdam',51),(52,'sint',52),(53,'veniam',53),(54,'omnis',54),(55,'enim',55),(56,'et',56),(57,'consequatur',57),(58,'hic',58),(59,'voluptas',59),(60,'laudantium',60),(61,'eligendi',61),(62,'quos',62),(63,'eveniet',63),(64,'voluptatem',64),(65,'ea',65),(66,'rerum',66),(67,'et',67),(68,'temporibus',68),(69,'quam',69),(70,'molestiae',70),(71,'autem',71),(72,'consectetur',72),(73,'tempora',73),(74,'et',74),(75,'qui',75),(76,'porro',76),(77,'et',77),(78,'id',78),(79,'perferendis',79),(80,'vel',80),(81,'reiciendis',81),(82,'ut',82),(83,'consequatur',83),(84,'perferendis',84),(85,'nam',85),(86,'occaecati',86),(87,'quis',87),(88,'dolorem',88),(89,'occaecati',89),(90,'enim',90),(91,'et',91),(92,'est',92),(93,'veniam',93),(94,'hic',94),(95,'nisi',95),(96,'vero',96),(97,'enim',97),(98,'eius',98),(99,'deleniti',99),(100,'reprehenderit',100);
/*!40000 ALTER TABLE `films` ENABLE KEYS */;
UNLOCK TABLES;

--
-- Table structure for table `friend_requests`
--

DROP TABLE IF EXISTS `friend_requests`;
/*!40101 SET @saved_cs_client     = @@character_set_client */;
/*!40101 SET character_set_client = utf8 */;
CREATE TABLE `friend_requests` (
  `initiation_user_id` bigint(20) unsigned NOT NULL,
  `target_user_id` bigint(20) unsigned NOT NULL,
  `status` enum('requested','approved','declined','unfriended') COLLATE utf8mb4_unicode_ci DEFAULT NULL,
  `requestede_at` datetime DEFAULT current_timestamp(),
  `updated_at` datetime DEFAULT NULL ON UPDATE current_timestamp(),
  PRIMARY KEY (`initiation_user_id`,`target_user_id`),
  KEY `target_user_id` (`target_user_id`),
  CONSTRAINT `friend_requests_ibfk_1` FOREIGN KEY (`initiation_user_id`) REFERENCES `users` (`id`),
  CONSTRAINT `friend_requests_ibfk_2` FOREIGN KEY (`target_user_id`) REFERENCES `users` (`id`)
) ENGINE=InnoDB DEFAULT CHARSET=utf8mb4 COLLATE=utf8mb4_unicode_ci;
/*!40101 SET character_set_client = @saved_cs_client */;

--
-- Dumping data for table `friend_requests`
--

LOCK TABLES `friend_requests` WRITE;
/*!40000 ALTER TABLE `friend_requests` DISABLE KEYS */;
INSERT INTO `friend_requests` VALUES (1,1,'declined','2002-09-10 16:43:02','2000-04-24 15:01:41'),(2,2,'unfriended','2010-09-24 06:55:06','1995-09-07 09:55:00'),(3,3,'declined','2003-01-18 14:48:03','1972-01-25 00:01:27'),(4,4,'unfriended','1992-10-06 09:51:51','2014-05-29 17:32:31'),(5,5,'approved','2012-10-23 19:24:26','2000-06-16 22:54:07'),(6,6,'unfriended','1986-08-23 04:27:34','1989-01-20 05:13:09'),(7,7,'approved','2003-05-26 17:17:47','2011-09-14 02:40:50'),(8,8,'approved','2004-09-28 08:15:10','1976-10-22 07:44:31'),(9,9,'unfriended','2001-12-17 11:30:01','2007-10-20 06:35:32'),(10,10,'approved','1994-11-22 07:12:51','1981-12-21 03:15:47'),(11,11,'unfriended','2019-09-06 01:11:39','2020-06-11 23:51:37'),(12,12,'unfriended','1984-04-14 15:49:24','2006-01-04 04:03:26'),(13,13,'requested','1999-02-24 00:11:35','1970-06-26 09:09:22'),(14,14,'approved','1984-04-15 13:43:54','1989-11-22 11:56:04'),(15,15,'requested','1981-04-03 22:23:35','1990-02-07 02:44:38'),(16,16,'unfriended','1983-11-19 06:36:24','1975-01-17 05:22:06'),(17,17,'requested','2021-05-19 00:57:30','1996-03-15 13:41:28'),(18,18,'requested','1979-01-04 16:04:18','1980-04-17 14:52:01'),(19,19,'approved','2003-02-11 00:54:29','1980-01-22 00:51:12'),(20,20,'declined','2008-01-06 21:10:00','2008-04-16 04:06:39'),(21,21,'approved','2010-12-10 08:54:53','2014-06-29 18:02:17'),(22,22,'unfriended','1981-03-04 07:35:17','2011-02-01 11:30:20'),(23,23,'declined','2008-07-06 00:46:17','1992-01-16 12:32:02'),(24,24,'requested','2000-06-18 20:38:22','2013-08-31 23:26:04'),(25,25,'declined','1980-09-22 03:00:28','1974-09-25 20:04:08'),(26,26,'declined','1987-03-25 22:17:54','1972-05-06 05:39:30'),(27,27,'declined','2006-04-30 05:57:52','1982-09-10 19:43:53'),(28,28,'declined','1992-12-12 17:43:33','1990-12-14 20:42:59'),(29,29,'requested','1973-10-22 22:11:35','1995-07-30 02:22:41'),(30,30,'approved','1981-10-04 23:28:16','2016-06-03 21:01:25'),(31,31,'requested','1972-03-16 13:01:53','2002-12-07 07:07:50'),(32,32,'approved','2016-02-08 02:50:53','2015-03-27 10:39:23'),(33,33,'approved','2006-07-11 03:01:14','1986-02-23 05:21:08'),(34,34,'unfriended','1972-01-26 03:22:21','1980-09-17 17:33:44'),(35,35,'approved','1985-10-11 05:17:06','2020-01-03 17:41:59'),(36,36,'unfriended','1979-04-13 13:17:08','1999-05-06 16:12:20'),(37,37,'unfriended','2012-09-10 15:50:36','1978-11-30 13:20:33'),(38,38,'requested','1980-09-22 11:40:11','1989-07-19 16:05:52'),(39,39,'unfriended','2006-10-26 19:26:10','1997-05-12 10:49:45'),(40,40,'unfriended','1994-02-24 07:15:22','1984-02-21 01:03:43'),(41,41,'unfriended','2009-07-17 17:57:31','1974-05-14 09:42:22'),(42,42,'unfriended','1999-06-01 07:53:32','2010-06-08 09:31:18'),(43,43,'requested','2002-07-09 11:07:46','1978-06-29 11:39:08'),(44,44,'unfriended','1970-10-30 05:17:19','1991-01-30 08:30:23'),(45,45,'unfriended','1993-10-21 17:35:29','2016-07-01 08:30:33'),(46,46,'unfriended','1980-08-07 15:55:10','2010-06-01 03:12:40'),(47,47,'unfriended','2016-07-08 23:31:49','2021-05-23 00:53:59'),(48,48,'declined','1974-06-09 20:40:13','1979-09-14 11:26:26'),(49,49,'unfriended','1989-10-15 18:39:01','1974-11-12 20:43:37'),(50,50,'approved','1982-12-27 10:06:03','1973-08-07 20:05:24'),(51,51,'requested','1975-01-02 10:47:36','2013-03-19 09:12:41'),(52,52,'declined','2004-06-03 04:55:15','2011-10-24 09:39:04'),(53,53,'unfriended','2015-08-24 05:44:31','2017-02-13 03:21:20'),(54,54,'requested','1994-02-15 15:31:26','1993-02-26 07:52:30'),(55,55,'unfriended','2003-11-27 18:24:43','1990-02-02 05:08:39'),(56,56,'approved','2016-01-12 19:50:03','1999-06-08 05:12:02'),(57,57,'unfriended','1978-07-11 22:47:41','1988-11-26 12:18:12'),(58,58,'approved','2018-09-02 06:34:34','1980-08-16 03:41:44'),(59,59,'unfriended','1987-05-16 10:46:01','1994-10-12 14:56:02'),(60,60,'declined','1975-12-27 03:01:30','2009-05-04 11:04:43'),(61,61,'approved','1990-10-14 07:27:12','2020-06-01 16:20:32'),(62,62,'declined','2005-11-19 05:26:48','1987-02-11 02:36:27'),(63,63,'approved','1989-10-09 18:31:05','2006-07-25 14:19:49'),(64,64,'approved','2007-09-09 18:06:10','2007-06-18 17:09:57'),(65,65,'declined','1987-11-23 00:54:52','1972-04-25 02:07:58'),(66,66,'declined','1985-12-13 21:22:05','1987-02-05 08:51:36'),(67,67,'requested','2011-08-06 04:52:54','1975-02-04 05:27:08'),(68,68,'approved','1978-07-31 05:53:47','1996-11-13 04:26:21'),(69,69,'requested','1999-06-09 16:26:46','1973-08-13 19:19:42'),(70,70,'unfriended','2013-12-01 15:38:34','1985-07-08 07:36:03'),(71,71,'requested','1980-08-15 15:02:19','2010-10-10 15:39:05'),(72,72,'declined','1973-10-10 07:26:17','1979-09-09 05:54:25'),(73,73,'requested','2003-06-28 20:45:33','2006-04-19 00:24:15'),(74,74,'approved','1985-02-13 11:31:36','2012-08-29 13:17:00'),(75,75,'unfriended','1992-03-31 13:59:18','1999-03-18 09:18:42'),(76,76,'requested','2014-03-08 05:40:46','2016-11-10 06:20:11'),(77,77,'unfriended','2006-02-14 09:05:39','2005-12-12 11:21:18'),(78,78,'declined','2007-11-23 20:20:09','1992-07-14 15:09:59'),(79,79,'approved','2002-06-11 21:31:47','2009-09-27 14:23:14'),(80,80,'requested','2005-09-05 17:24:52','1997-09-22 04:07:32'),(81,81,'requested','1981-09-10 10:13:18','1993-07-14 03:07:55'),(82,82,'unfriended','1993-01-23 07:59:36','1980-10-11 17:22:43'),(83,83,'declined','1977-10-20 05:03:41','2016-12-04 03:32:26'),(84,84,'approved','2002-09-05 08:53:22','2013-06-18 09:01:30'),(85,85,'approved','1991-10-10 17:36:43','2003-04-29 00:06:17'),(86,86,'declined','2005-05-11 07:26:09','1996-04-06 04:31:17'),(87,87,'approved','2004-04-19 21:12:28','1985-08-06 09:02:09'),(88,88,'approved','1970-05-08 04:05:41','2009-10-01 07:54:32'),(89,89,'unfriended','2001-06-29 16:58:40','1973-01-23 08:15:20'),(90,90,'declined','1993-12-29 01:11:56','2006-01-25 11:49:14'),(91,91,'approved','1992-04-28 18:44:20','1978-10-24 13:16:15'),(92,92,'approved','1983-02-05 22:46:06','1985-02-03 00:37:16'),(93,93,'unfriended','1989-07-23 04:38:46','2019-04-21 13:48:15'),(94,94,'requested','2003-04-12 04:53:04','1975-02-05 07:32:59'),(95,95,'approved','2017-01-09 10:42:11','1982-07-22 17:52:53'),(96,96,'declined','2003-08-06 03:13:12','1980-12-03 09:45:48'),(97,97,'approved','2007-10-09 03:47:13','1974-11-29 13:55:37'),(98,98,'unfriended','1977-08-06 19:26:38','2001-05-12 17:57:45'),(99,99,'declined','1971-05-06 12:52:36','2013-06-24 15:25:11'),(100,100,'approved','1993-04-06 01:56:56','2017-06-26 09:38:55');
/*!40000 ALTER TABLE `friend_requests` ENABLE KEYS */;
UNLOCK TABLES;

--
-- Table structure for table `gift_album`
--

DROP TABLE IF EXISTS `gift_album`;
/*!40101 SET @saved_cs_client     = @@character_set_client */;
/*!40101 SET character_set_client = utf8 */;
CREATE TABLE `gift_album` (
  `id` bigint(20) unsigned NOT NULL AUTO_INCREMENT,
  `name` varchar(255) COLLATE utf8mb4_unicode_ci DEFAULT NULL,
  `media_id` bigint(20) unsigned NOT NULL,
  PRIMARY KEY (`id`),
  KEY `media_id` (`media_id`),
  CONSTRAINT `gift_album_ibfk_1` FOREIGN KEY (`media_id`) REFERENCES `media` (`id`)
) ENGINE=InnoDB AUTO_INCREMENT=101 DEFAULT CHARSET=utf8mb4 COLLATE=utf8mb4_unicode_ci;
/*!40101 SET character_set_client = @saved_cs_client */;

--
-- Dumping data for table `gift_album`
--

LOCK TABLES `gift_album` WRITE;
/*!40000 ALTER TABLE `gift_album` DISABLE KEYS */;
INSERT INTO `gift_album` VALUES (1,'sunt',1),(2,'tempora',2),(3,'eveniet',3),(4,'et',4),(5,'nam',5),(6,'earum',6),(7,'neque',7),(8,'perferendis',8),(9,'eum',9),(10,'voluptatem',10),(11,'adipisci',11),(12,'ratione',12),(13,'sapiente',13),(14,'dolore',14),(15,'nihil',15),(16,'quo',16),(17,'dignissimos',17),(18,'porro',18),(19,'id',19),(20,'ut',20),(21,'dolorem',21),(22,'repellendus',22),(23,'eum',23),(24,'ea',24),(25,'consequatur',25),(26,'totam',26),(27,'excepturi',27),(28,'ea',28),(29,'quia',29),(30,'perferendis',30),(31,'amet',31),(32,'ipsum',32),(33,'quas',33),(34,'id',34),(35,'dolor',35),(36,'non',36),(37,'ut',37),(38,'nam',38),(39,'illo',39),(40,'adipisci',40),(41,'voluptatum',41),(42,'occaecati',42),(43,'deleniti',43),(44,'architecto',44),(45,'et',45),(46,'sequi',46),(47,'placeat',47),(48,'suscipit',48),(49,'velit',49),(50,'et',50),(51,'illum',51),(52,'ut',52),(53,'rem',53),(54,'et',54),(55,'minus',55),(56,'ex',56),(57,'qui',57),(58,'reprehenderit',58),(59,'molestiae',59),(60,'rerum',60),(61,'et',61),(62,'quia',62),(63,'blanditiis',63),(64,'facere',64),(65,'nihil',65),(66,'distinctio',66),(67,'quis',67),(68,'mollitia',68),(69,'at',69),(70,'error',70),(71,'optio',71),(72,'sequi',72),(73,'qui',73),(74,'debitis',74),(75,'quas',75),(76,'rerum',76),(77,'quos',77),(78,'et',78),(79,'voluptatem',79),(80,'quia',80),(81,'a',81),(82,'aliquid',82),(83,'officiis',83),(84,'voluptas',84),(85,'sunt',85),(86,'delectus',86),(87,'eum',87),(88,'sequi',88),(89,'aperiam',89),(90,'similique',90),(91,'ut',91),(92,'minus',92),(93,'eum',93),(94,'adipisci',94),(95,'qui',95),(96,'autem',96),(97,'voluptas',97),(98,'qui',98),(99,'consequatur',99),(100,'in',100);
/*!40000 ALTER TABLE `gift_album` ENABLE KEYS */;
UNLOCK TABLES;

--
-- Table structure for table `gifts`
--

DROP TABLE IF EXISTS `gifts`;
/*!40101 SET @saved_cs_client     = @@character_set_client */;
/*!40101 SET character_set_client = utf8 */;
CREATE TABLE `gifts` (
  `id` bigint(20) unsigned NOT NULL AUTO_INCREMENT,
  `send_user_id` bigint(20) unsigned NOT NULL,
  `accept_user_id` bigint(20) unsigned NOT NULL,
  `gift_id` bigint(20) unsigned NOT NULL,
  `created_at` datetime DEFAULT current_timestamp(),
  PRIMARY KEY (`id`),
  KEY `send_user_id` (`send_user_id`),
  KEY `accept_user_id` (`accept_user_id`),
  KEY `gift_id` (`gift_id`),
  CONSTRAINT `gifts_ibfk_1` FOREIGN KEY (`send_user_id`) REFERENCES `users` (`id`),
  CONSTRAINT `gifts_ibfk_2` FOREIGN KEY (`accept_user_id`) REFERENCES `users` (`id`),
  CONSTRAINT `gifts_ibfk_3` FOREIGN KEY (`gift_id`) REFERENCES `gift_album` (`id`)
) ENGINE=InnoDB AUTO_INCREMENT=101 DEFAULT CHARSET=utf8mb4 COLLATE=utf8mb4_unicode_ci;
/*!40101 SET character_set_client = @saved_cs_client */;

--
-- Dumping data for table `gifts`
--

LOCK TABLES `gifts` WRITE;
/*!40000 ALTER TABLE `gifts` DISABLE KEYS */;
INSERT INTO `gifts` VALUES (1,1,1,1,'1975-04-15 19:28:20'),(2,2,2,2,'2002-04-14 11:57:20'),(3,3,3,3,'2012-11-08 05:33:50'),(4,4,4,4,'2020-01-24 23:46:51'),(5,5,5,5,'1981-03-04 05:18:03'),(6,6,6,6,'1978-08-26 05:38:54'),(7,7,7,7,'1979-07-10 21:02:54'),(8,8,8,8,'2018-12-19 17:40:13'),(9,9,9,9,'1993-02-06 18:55:45'),(10,10,10,10,'2019-06-04 03:30:24'),(11,11,11,11,'2008-09-21 20:33:56'),(12,12,12,12,'2005-11-14 01:30:14'),(13,13,13,13,'2014-02-17 05:31:23'),(14,14,14,14,'1991-05-26 03:50:44'),(15,15,15,15,'2011-06-21 05:12:12'),(16,16,16,16,'2000-10-21 19:09:37'),(17,17,17,17,'1980-12-14 12:08:38'),(18,18,18,18,'2006-11-09 18:40:17'),(19,19,19,19,'1984-07-15 12:57:35'),(20,20,20,20,'2009-08-14 21:54:37'),(21,21,21,21,'1974-01-23 18:17:53'),(22,22,22,22,'2008-05-13 06:37:18'),(23,23,23,23,'2021-10-27 03:44:35'),(24,24,24,24,'1994-09-07 14:48:50'),(25,25,25,25,'2005-05-13 00:21:10'),(26,26,26,26,'1974-01-16 05:33:54'),(27,27,27,27,'1975-06-10 22:31:39'),(28,28,28,28,'1974-06-13 19:48:31'),(29,29,29,29,'1998-09-25 16:14:23'),(30,30,30,30,'1991-01-09 22:49:45'),(31,31,31,31,'2005-11-06 05:11:28'),(32,32,32,32,'1999-04-26 02:37:30'),(33,33,33,33,'1993-12-23 04:23:03'),(34,34,34,34,'1996-12-06 01:07:34'),(35,35,35,35,'2012-04-12 17:57:20'),(36,36,36,36,'2011-12-31 22:49:05'),(37,37,37,37,'1984-07-01 06:33:44'),(38,38,38,38,'1977-03-02 01:39:10'),(39,39,39,39,'1990-01-11 21:48:18'),(40,40,40,40,'1988-09-24 13:42:15'),(41,41,41,41,'1985-06-24 06:36:51'),(42,42,42,42,'2009-03-06 20:29:55'),(43,43,43,43,'2015-04-21 06:56:55'),(44,44,44,44,'1976-01-26 12:16:22'),(45,45,45,45,'2009-09-06 19:35:38'),(46,46,46,46,'1999-01-30 14:56:23'),(47,47,47,47,'1980-04-11 07:14:29'),(48,48,48,48,'2003-02-13 11:28:07'),(49,49,49,49,'1980-09-16 20:50:34'),(50,50,50,50,'2001-12-07 02:14:01'),(51,51,51,51,'1973-02-02 19:49:37'),(52,52,52,52,'1976-04-03 14:12:30'),(53,53,53,53,'1993-01-09 23:47:02'),(54,54,54,54,'1974-02-17 08:43:06'),(55,55,55,55,'1970-10-08 13:26:42'),(56,56,56,56,'1976-05-09 18:27:44'),(57,57,57,57,'1988-10-03 00:01:28'),(58,58,58,58,'1980-10-04 12:23:56'),(59,59,59,59,'1990-02-18 08:23:10'),(60,60,60,60,'1994-12-27 11:49:48'),(61,61,61,61,'1982-12-21 12:07:45'),(62,62,62,62,'1984-04-12 14:19:11'),(63,63,63,63,'1991-04-22 02:45:09'),(64,64,64,64,'2012-03-27 14:54:09'),(65,65,65,65,'2010-11-23 14:06:55'),(66,66,66,66,'1985-12-03 01:36:22'),(67,67,67,67,'1992-11-09 03:50:29'),(68,68,68,68,'2015-01-31 20:25:14'),(69,69,69,69,'2001-11-20 06:14:59'),(70,70,70,70,'2004-12-18 03:30:24'),(71,71,71,71,'1982-07-04 16:05:49'),(72,72,72,72,'2006-10-06 14:38:20'),(73,73,73,73,'1982-05-19 13:38:48'),(74,74,74,74,'1987-01-07 20:55:56'),(75,75,75,75,'1987-04-15 15:43:45'),(76,76,76,76,'1975-12-06 23:05:29'),(77,77,77,77,'2013-05-03 12:12:54'),(78,78,78,78,'2017-02-07 14:54:27'),(79,79,79,79,'1994-05-07 13:29:03'),(80,80,80,80,'1986-06-07 19:56:38'),(81,81,81,81,'1990-05-15 09:11:47'),(82,82,82,82,'1998-12-21 20:21:28'),(83,83,83,83,'1999-10-01 22:15:12'),(84,84,84,84,'2004-08-03 20:52:58'),(85,85,85,85,'2004-12-24 15:42:11'),(86,86,86,86,'1980-01-26 02:17:03'),(87,87,87,87,'1985-08-28 00:42:17'),(88,88,88,88,'2011-09-27 19:00:51'),(89,89,89,89,'2016-09-14 01:56:36'),(90,90,90,90,'1988-05-21 15:18:33'),(91,91,91,91,'2014-09-02 17:26:09'),(92,92,92,92,'2009-05-03 09:14:44'),(93,93,93,93,'2016-12-14 12:07:26'),(94,94,94,94,'2010-06-12 01:12:07'),(95,95,95,95,'2015-01-23 07:53:04'),(96,96,96,96,'1974-11-19 21:34:20'),(97,97,97,97,'1974-08-08 09:48:51'),(98,98,98,98,'1999-12-28 07:58:13'),(99,99,99,99,'1977-12-13 04:59:49'),(100,100,100,100,'2006-08-09 02:29:35');
/*!40000 ALTER TABLE `gifts` ENABLE KEYS */;
UNLOCK TABLES;

--
-- Table structure for table `likes`
--

DROP TABLE IF EXISTS `likes`;
/*!40101 SET @saved_cs_client     = @@character_set_client */;
/*!40101 SET character_set_client = utf8 */;
CREATE TABLE `likes` (
  `id` bigint(20) unsigned NOT NULL AUTO_INCREMENT,
  `user_id` bigint(20) unsigned NOT NULL,
  `media_id` bigint(20) unsigned NOT NULL,
  `created_at` datetime DEFAULT current_timestamp(),
  PRIMARY KEY (`id`),
  KEY `user_id` (`user_id`),
  KEY `media_id` (`media_id`),
  CONSTRAINT `likes_ibfk_1` FOREIGN KEY (`user_id`) REFERENCES `users` (`id`),
  CONSTRAINT `likes_ibfk_2` FOREIGN KEY (`media_id`) REFERENCES `media` (`id`)
) ENGINE=InnoDB AUTO_INCREMENT=101 DEFAULT CHARSET=utf8mb4 COLLATE=utf8mb4_unicode_ci;
/*!40101 SET character_set_client = @saved_cs_client */;

--
-- Dumping data for table `likes`
--

LOCK TABLES `likes` WRITE;
/*!40000 ALTER TABLE `likes` DISABLE KEYS */;
INSERT INTO `likes` VALUES (1,1,1,'1983-11-13 11:33:48'),(2,2,2,'1973-06-03 06:14:49'),(3,3,3,'1977-09-03 00:32:29'),(4,4,4,'1998-03-18 14:08:01'),(5,5,5,'2019-12-04 13:50:57'),(6,6,6,'2011-08-19 14:00:25'),(7,7,7,'1980-06-26 18:19:28'),(8,8,8,'2017-07-17 10:46:00'),(9,9,9,'2016-11-12 02:32:54'),(10,10,10,'1974-04-22 14:25:38'),(11,11,11,'2015-03-04 01:24:42'),(12,12,12,'2014-08-05 07:20:33'),(13,13,13,'1977-04-02 12:15:48'),(14,14,14,'2020-08-03 04:10:22'),(15,15,15,'1972-11-25 07:28:34'),(16,16,16,'2002-03-06 15:46:18'),(17,17,17,'1986-12-19 02:50:20'),(18,18,18,'1980-11-03 19:19:09'),(19,19,19,'1993-05-04 02:04:13'),(20,20,20,'2003-10-07 18:32:45'),(21,21,21,'1997-07-10 17:54:32'),(22,22,22,'1998-02-27 07:10:56'),(23,23,23,'2000-11-25 13:47:28'),(24,24,24,'1986-10-18 06:49:08'),(25,25,25,'1973-03-24 14:47:57'),(26,26,26,'2015-07-08 05:35:12'),(27,27,27,'1971-06-09 08:04:01'),(28,28,28,'1979-04-17 14:02:18'),(29,29,29,'2016-03-30 22:34:38'),(30,30,30,'2001-07-20 19:38:48'),(31,31,31,'1978-01-30 04:42:49'),(32,32,32,'2003-10-02 13:24:41'),(33,33,33,'1998-06-26 07:22:27'),(34,34,34,'1999-05-18 12:55:35'),(35,35,35,'2017-12-31 20:48:03'),(36,36,36,'2018-10-31 17:34:06'),(37,37,37,'1984-02-05 01:09:12'),(38,38,38,'2009-11-12 11:37:43'),(39,39,39,'1978-08-02 13:06:53'),(40,40,40,'1993-01-16 03:06:57'),(41,41,41,'1974-03-26 04:55:51'),(42,42,42,'1980-11-20 16:16:18'),(43,43,43,'2011-06-01 21:15:37'),(44,44,44,'2010-10-19 13:22:34'),(45,45,45,'1997-11-16 20:33:05'),(46,46,46,'1979-01-19 01:22:12'),(47,47,47,'2004-03-22 16:36:45'),(48,48,48,'1984-07-25 03:58:29'),(49,49,49,'2017-04-08 08:47:39'),(50,50,50,'2012-07-14 04:58:39'),(51,51,51,'1987-10-25 01:39:14'),(52,52,52,'2005-10-20 17:59:25'),(53,53,53,'2014-02-07 15:16:47'),(54,54,54,'2003-08-16 11:52:03'),(55,55,55,'1972-06-22 01:05:46'),(56,56,56,'2011-05-25 09:06:57'),(57,57,57,'1997-09-22 13:33:29'),(58,58,58,'2015-01-26 06:24:17'),(59,59,59,'1991-01-23 17:34:31'),(60,60,60,'2010-06-25 11:04:51'),(61,61,61,'1988-01-10 03:28:10'),(62,62,62,'2007-04-28 10:07:39'),(63,63,63,'2011-06-15 17:05:18'),(64,64,64,'2007-03-20 10:40:47'),(65,65,65,'1978-05-15 09:21:45'),(66,66,66,'1979-02-15 17:12:29'),(67,67,67,'2000-12-07 09:58:12'),(68,68,68,'2014-07-15 14:15:42'),(69,69,69,'2005-08-03 13:54:18'),(70,70,70,'2004-07-03 20:07:40'),(71,71,71,'1990-06-01 03:57:03'),(72,72,72,'1999-08-22 19:05:21'),(73,73,73,'1977-08-24 15:35:13'),(74,74,74,'1996-09-07 07:06:03'),(75,75,75,'1982-02-26 02:19:32'),(76,76,76,'1990-06-29 13:48:05'),(77,77,77,'1980-11-06 12:35:48'),(78,78,78,'2018-08-18 01:16:34'),(79,79,79,'2007-03-14 07:58:25'),(80,80,80,'1986-12-29 15:12:37'),(81,81,81,'1983-02-27 06:35:12'),(82,82,82,'1989-04-26 10:42:04'),(83,83,83,'1975-11-02 09:49:55'),(84,84,84,'2000-07-12 18:06:08'),(85,85,85,'2016-03-25 11:42:58'),(86,86,86,'2019-07-06 05:33:01'),(87,87,87,'1997-06-05 06:15:10'),(88,88,88,'2014-12-13 16:06:37'),(89,89,89,'1987-02-28 07:44:19'),(90,90,90,'1984-02-05 17:58:00'),(91,91,91,'1970-04-23 04:50:15'),(92,92,92,'1994-11-22 01:32:31'),(93,93,93,'1989-04-22 02:45:38'),(94,94,94,'2016-09-18 10:46:06'),(95,95,95,'2011-07-28 07:08:58'),(96,96,96,'2013-09-16 15:58:18'),(97,97,97,'1989-02-11 03:31:51'),(98,98,98,'1979-04-17 00:09:52'),(99,99,99,'1990-09-10 10:11:37'),(100,100,100,'1993-03-16 19:17:24');
/*!40000 ALTER TABLE `likes` ENABLE KEYS */;
UNLOCK TABLES;

--
-- Table structure for table `media`
--

DROP TABLE IF EXISTS `media`;
/*!40101 SET @saved_cs_client     = @@character_set_client */;
/*!40101 SET character_set_client = utf8 */;
CREATE TABLE `media` (
  `id` bigint(20) unsigned NOT NULL AUTO_INCREMENT,
  `user_id` bigint(20) unsigned NOT NULL,
  `body` text COLLATE utf8mb4_unicode_ci DEFAULT NULL,
  `filename` varchar(255) COLLATE utf8mb4_unicode_ci DEFAULT NULL,
  `media_size` int(11) DEFAULT NULL,
  `metadata` longtext CHARACTER SET utf8mb4 COLLATE utf8mb4_bin DEFAULT NULL CHECK (json_valid(`metadata`)),
  `media_type_id` bigint(20) unsigned DEFAULT NULL,
  `created_at` datetime DEFAULT current_timestamp(),
  `updated_at` datetime DEFAULT current_timestamp() ON UPDATE current_timestamp(),
  PRIMARY KEY (`id`),
  KEY `user_id` (`user_id`),
  KEY `media_type_id` (`media_type_id`),
  CONSTRAINT `media_ibfk_1` FOREIGN KEY (`user_id`) REFERENCES `users` (`id`),
  CONSTRAINT `media_ibfk_2` FOREIGN KEY (`media_type_id`) REFERENCES `media_types` (`id`) ON DELETE SET NULL ON UPDATE CASCADE
) ENGINE=InnoDB AUTO_INCREMENT=101 DEFAULT CHARSET=utf8mb4 COLLATE=utf8mb4_unicode_ci;
/*!40101 SET character_set_client = @saved_cs_client */;

--
-- Dumping data for table `media`
--

LOCK TABLES `media` WRITE;
/*!40000 ALTER TABLE `media` DISABLE KEYS */;
INSERT INTO `media` VALUES (1,1,'Doloremque aspernatur voluptatem est eum nisi odio. Eum modi nihil voluptatum fugit explicabo. Soluta sint excepturi magni et odit facilis et. Rerum unde quis nostrum tempora est sunt.','odio',26662,NULL,1,'1989-09-13 20:42:28','1995-03-21 12:06:03'),(2,2,'Quo cupiditate iste tempora est. Atque excepturi neque ducimus et nemo ex illo voluptates. Labore eos molestias consequuntur.','doloremque',4462971,NULL,2,'1989-11-16 17:24:41','1976-05-20 14:25:43'),(3,3,'Quo ducimus nulla ut eum et et. Qui qui ad et ab omnis expedita. Beatae qui repellendus fugit molestiae. Quis quis aut nam mollitia debitis.','iste',7,NULL,3,'2004-07-12 07:19:54','1972-05-21 21:00:02'),(4,4,'Omnis et qui quaerat est. Illo tempore qui illum ipsa maiores. Nulla ab exercitationem rem harum. Ad provident pariatur cupiditate magnam. Fugiat praesentium ut rerum nam accusantium magnam.','laudantium',29337,NULL,4,'1997-02-01 17:09:58','2003-06-08 17:33:53'),(5,5,'Harum eos est et dolor. Fugiat praesentium aperiam corporis dolores. Voluptates maxime quis sint neque est. Molestiae culpa natus et delectus officia. Dolorem quia aliquid sit facere amet laboriosam iusto.','error',0,NULL,5,'1990-05-01 15:23:14','2021-08-27 00:58:36'),(6,6,'Non dolor tenetur et voluptate in adipisci. Vel tempora est id non odio. Ducimus aspernatur occaecati error vel aspernatur eveniet inventore. Omnis optio quis quia dolores doloremque cum et.','aut',818898,NULL,6,'1990-06-30 10:05:35','2007-01-14 22:16:50'),(7,7,'Beatae similique quia minima et praesentium placeat vel. Ipsum facere ullam porro nobis dolorem architecto exercitationem. Enim dolores doloribus magnam dignissimos voluptate et a.','quibusdam',3,NULL,7,'1995-12-29 18:03:23','2019-07-31 04:19:12'),(8,8,'Iusto in excepturi doloremque quia. Id fugiat labore consequatur explicabo suscipit sed ea.','voluptas',0,NULL,8,'2008-09-28 14:35:33','1975-08-28 00:37:14'),(9,9,'Minima voluptate fugiat sequi sequi soluta iste. Nihil dolorem aliquid placeat adipisci expedita. Perspiciatis illum aut aliquid totam.','modi',61969194,NULL,9,'2000-12-31 17:26:35','1971-02-21 00:29:25'),(10,10,'Quia ea eveniet placeat quae pariatur. Blanditiis sit et minima error deserunt. Praesentium labore iste placeat rem id suscipit nesciunt. Voluptatibus nam ratione iure et sit eos ratione fugit.','ut',29741118,NULL,10,'1979-07-14 04:06:32','1972-06-15 00:46:36'),(11,11,'Fugit similique et cumque excepturi commodi iure. Consequatur quis nulla unde suscipit sequi aut cupiditate. Sed aut impedit magnam natus.','ut',63,NULL,11,'1977-12-01 13:07:50','2021-01-05 00:47:33'),(12,12,'Ut rerum excepturi quae occaecati corporis nobis pariatur. Ab esse voluptatem laudantium magni cum nulla unde.','ipsa',997035,NULL,12,'2004-02-11 18:36:34','1986-01-16 10:32:33'),(13,13,'Rem minima voluptas adipisci ea. Ut qui ad omnis quo. Minus soluta facere quasi harum id. Corrupti maiores ut soluta dolor.','officiis',0,NULL,13,'1984-04-22 20:48:01','1979-06-04 11:08:26'),(14,14,'Adipisci qui provident sed quod adipisci maxime. Aut sit aperiam quia adipisci autem harum. Commodi deserunt maiores repellendus et eos at. Et voluptas quam impedit culpa aut rerum.','ipsa',9295,NULL,14,'1999-09-30 20:46:57','1991-08-30 05:44:23'),(15,15,'Odit numquam debitis nihil hic natus. Et quos enim esse ullam nam. Ea occaecati quis ipsum reprehenderit alias.','et',0,NULL,15,'1978-01-29 19:40:49','2009-12-18 22:56:59'),(16,16,'Tenetur repellat et et eius libero voluptas in est. Non accusantium sed voluptatem qui dolor maxime aut sit. Vitae vero aut voluptatem in ea est. Necessitatibus quibusdam nisi consequuntur illum et et ut.','minus',7,NULL,16,'2000-02-27 01:17:39','1985-06-16 21:22:28'),(17,17,'Temporibus tempore dolorem veniam nemo dolorum. Sunt molestiae sed dolores optio. Non sed labore est neque iure similique.','alias',7585275,NULL,17,'1973-02-01 00:28:58','2002-12-20 21:18:59'),(18,18,'Corrupti dolor non nobis ducimus. Sed sunt nisi et ut eos reprehenderit. Nihil fugit libero non iure earum iure quia.','enim',9446835,NULL,18,'1996-10-12 11:02:34','2011-04-07 23:55:33'),(19,19,'Ratione saepe quos tenetur consectetur error dolores voluptas sit. Sed voluptatem in id inventore. Aperiam eum eligendi ducimus dolores.','facilis',5366,NULL,19,'1984-03-21 12:12:05','1990-07-08 09:11:10'),(20,20,'Ut commodi et quo expedita rerum. Repellat omnis voluptatem sit qui saepe consequatur magni neque. Porro tempore ipsam sed aut aut sint.','voluptas',18,NULL,20,'2018-01-23 23:25:12','1979-09-20 05:31:41'),(21,21,'Repudiandae placeat possimus voluptas sit. Est et impedit non molestiae aut rerum necessitatibus. Saepe odit maiores et. Nam aspernatur omnis velit accusamus assumenda id. Iste culpa enim molestiae dolorem quia et suscipit.','enim',6497247,NULL,21,'2001-04-11 09:10:06','2021-02-20 16:10:38'),(22,22,'Rem possimus provident tempore quis. Nesciunt officia sit dolor ducimus. Repudiandae aut commodi veniam aperiam.','qui',6560,NULL,22,'2012-09-16 12:50:24','1991-12-29 19:39:16'),(23,23,'Aut omnis est explicabo sunt nobis. Non nihil asperiores alias temporibus provident et. Cupiditate consectetur quibusdam sit explicabo delectus ea.','in',9044452,NULL,23,'2020-12-29 05:40:40','1989-03-31 06:27:25'),(24,24,'Et deserunt temporibus molestiae ullam quia. Consequatur laboriosam qui et qui. Ratione aut voluptas repellat sit nam ut deserunt.','et',5249729,NULL,24,'2016-08-27 11:19:00','2000-03-17 18:44:28'),(25,25,'Accusantium blanditiis voluptatem repellendus dolores. Magni maxime aspernatur ea quis consequatur ut enim aliquam. Et autem ea laborum.','illo',344631,NULL,25,'1997-10-29 08:11:13','2007-03-13 09:19:14'),(26,26,'Corrupti a deserunt necessitatibus provident corporis amet. Cumque temporibus consequatur ut est aut doloremque. Et repellat iste voluptatum sed fuga eaque.','repellendus',2,NULL,26,'2001-11-29 03:17:09','1985-10-31 01:06:13'),(27,27,'Quaerat numquam magnam rerum et ex cum. Consequatur distinctio nulla possimus. Quibusdam non ut eum. Possimus aliquam illum sapiente velit voluptatem perspiciatis.','sed',4814,NULL,27,'1980-06-10 07:31:39','2019-01-02 21:33:17'),(28,28,'Et autem eligendi et vel. Facilis reiciendis labore at aut. Impedit et facilis et qui et inventore in sed.','et',950331,NULL,28,'2006-12-08 16:40:43','2018-12-07 05:28:43'),(29,29,'Dignissimos in iure sequi ut omnis ea eum odio. Consectetur voluptates cum aut qui et amet nisi. Cumque excepturi et omnis distinctio ducimus. Quos exercitationem veniam ut ut modi quia velit.','officiis',759272,NULL,29,'2002-03-05 14:17:34','2017-01-12 05:40:18'),(30,30,'Esse vitae qui illum voluptas. Architecto dolorem a repellat fugit voluptates et sed. Aut perferendis nulla doloribus suscipit.','itaque',60,NULL,30,'2004-02-03 02:13:19','1998-08-08 15:28:31'),(31,31,'Velit aut a reprehenderit expedita qui iste. Laudantium nisi aut in ut fuga veritatis. Doloremque exercitationem iure non veritatis itaque sequi. Ut veritatis aut modi.','quaerat',2,NULL,31,'1982-02-18 13:32:51','1983-03-23 01:40:29'),(32,32,'Et aut atque enim minima est et. Aut voluptatem possimus aut nihil sit. Velit non molestiae repellat delectus sunt id. Totam nemo dolore voluptatem ad.','aperiam',405574,NULL,32,'1971-06-04 23:42:51','1973-05-31 02:18:52'),(33,33,'Explicabo facilis vero nihil repellendus iure. Odio dolor placeat quidem nihil omnis ipsam nostrum. Sunt quia ut ex. Blanditiis rerum accusantium qui dolores fugit distinctio est.','dignissimos',50855,NULL,33,'1973-03-24 19:58:53','1971-12-11 08:26:33'),(34,34,'Quibusdam quae deleniti culpa nisi. Quos reprehenderit dolorem nemo consequatur.','laudantium',920,NULL,34,'1971-10-25 02:17:31','1996-11-02 01:21:44'),(35,35,'Esse qui et quo. Rem ea in laborum necessitatibus fugiat quia. Dolorem laborum nihil est quibusdam laborum repudiandae minima.','aut',2866,NULL,35,'1970-07-24 07:57:15','1996-12-06 15:27:02'),(36,36,'Vero non dolorem quia consequatur cumque illo quod. Eveniet corporis officiis dolorem ea ad. Soluta accusamus sit ab quos aut quo.','beatae',132,NULL,36,'1978-09-10 12:50:31','1996-01-18 00:08:11'),(37,37,'Iure omnis tempore voluptate iure dolore quia omnis. Sunt non velit distinctio architecto soluta. Voluptate quo est id dolores. Eaque eos eos reiciendis explicabo esse iure voluptatum sapiente.','accusamus',4900214,NULL,37,'1979-05-05 05:52:42','1990-12-08 03:40:47'),(38,38,'Quo facilis atque incidunt. Quia dolore est expedita molestias. Aperiam autem quisquam corrupti facere.','est',12,NULL,38,'2008-11-05 05:46:31','1973-12-10 23:47:53'),(39,39,'Ullam voluptatem iure sit quaerat ullam quod. Animi maxime quasi dicta earum beatae earum veniam sed. At iusto molestiae exercitationem.','sunt',8021493,NULL,39,'2019-11-25 01:41:26','1989-06-17 16:20:56'),(40,40,'Quia iste a optio dolorem est itaque quis velit. Perferendis expedita doloribus harum ex id quidem debitis aliquid. Reiciendis architecto deleniti earum velit error perspiciatis. Ullam voluptatum excepturi praesentium quis.','optio',0,NULL,40,'2016-10-08 07:29:13','1990-04-13 22:14:08'),(41,41,'Voluptates odio quam laudantium. Velit autem totam quasi magnam aut nam. Vero atque veritatis aut ex nihil molestias. Mollitia qui nesciunt rerum reiciendis dolor aut.','distinctio',7154976,NULL,41,'2008-11-09 14:05:37','1997-12-20 03:08:11'),(42,42,'Et enim ad alias eum non illo. Quam nam in rerum nemo vel.','velit',3,NULL,42,'2017-12-22 10:46:13','2017-01-05 19:03:18'),(43,43,'Doloribus maiores voluptate id provident repudiandae natus. Est ea mollitia voluptatibus voluptas saepe aut. Sed culpa voluptatum laudantium nihil quae molestiae et.','veritatis',7,NULL,43,'2003-10-27 06:49:16','1985-02-15 06:25:58'),(44,44,'Optio sed eos nostrum est pariatur eligendi sint. Illo consequatur et ratione distinctio. Sit expedita aspernatur quos ipsa quis provident eligendi. Et exercitationem earum nisi reprehenderit.','esse',45123446,NULL,44,'1977-07-12 11:55:28','1994-01-25 16:49:58'),(45,45,'Ut qui libero non sunt maiores rerum molestiae. Ipsam dolorem magnam sunt et animi possimus enim. Fuga molestiae animi laborum occaecati veniam vero. Et iure ea odit maxime ipsam soluta consequatur esse.','quos',80706,NULL,45,'1996-11-18 03:29:46','2018-06-04 02:37:33'),(46,46,'Sed saepe ea excepturi molestiae sit ducimus facilis quos. Quam voluptatem maiores ea quia.','vel',2827771,NULL,46,'1981-01-27 16:53:51','2010-12-05 01:41:07'),(47,47,'Praesentium qui rerum sit. Cum qui cumque provident pariatur reprehenderit veritatis eligendi. Adipisci provident eveniet autem velit sequi adipisci.','asperiores',8594,NULL,47,'1988-09-05 16:18:48','2004-06-09 01:55:48'),(48,48,'Veniam sit repellat dolorum nihil eos. Soluta iusto tenetur asperiores laborum. Excepturi et cum ut sint saepe assumenda.','et',5,NULL,48,'2007-01-18 21:43:17','2016-08-04 15:52:07'),(49,49,'Natus aliquam qui ea consequatur. Enim aliquam consectetur et velit vero nihil. Facere aut expedita pariatur.','voluptatem',471651280,NULL,49,'1971-08-11 11:39:18','1998-06-16 10:37:16'),(50,50,'Et sint voluptas eum dolorum sit eveniet autem omnis. Vel voluptatem qui ut magni unde sit voluptas est. Neque similique quisquam dolores asperiores soluta nisi sapiente.','illo',21,NULL,50,'1973-11-08 02:24:06','1973-03-23 11:45:43'),(51,51,'Ipsa magnam ratione assumenda dolores adipisci ut sit autem. Ad laudantium vitae laborum est. Quod commodi sed doloremque ea facilis corrupti quae. Consequatur alias nemo accusantium occaecati.','magnam',14336077,NULL,51,'2001-04-15 22:47:58','1979-06-21 20:37:51'),(52,52,'Molestiae minima odit numquam et optio fugiat quo. Eum enim dolore cumque in. Culpa quidem qui sunt quibusdam minima. Eligendi quo minima itaque voluptas neque ipsum.','recusandae',51,NULL,52,'1996-07-19 22:56:29','1995-06-14 12:31:51'),(53,53,'Saepe vel et ipsum eligendi consequatur quasi eligendi fuga. Aspernatur et vel nesciunt explicabo voluptates id quia ut. Incidunt sed sequi tempora et. Perspiciatis iure eum atque facilis labore facere.','quia',6,NULL,53,'1974-09-30 11:52:30','1994-07-25 03:40:19'),(54,54,'Quibusdam et ipsum quo provident qui. Et esse eos iusto distinctio maiores. Aspernatur nesciunt sit sunt.','atque',8744,NULL,54,'2005-07-30 06:09:56','2002-01-05 18:36:11'),(55,55,'Voluptates aut quis repudiandae officiis sint sit qui. Veritatis dicta quo natus. Et atque dolores unde repellat.','sed',15607133,NULL,55,'2004-09-13 22:12:43','1989-01-02 20:42:19'),(56,56,'Perferendis quaerat ut saepe laborum nulla. Odit illum quaerat omnis deleniti quidem vel rerum.','eum',932039,NULL,56,'1998-12-05 19:12:53','2016-04-14 23:28:11'),(57,57,'Illum enim qui autem. Culpa aut illo explicabo nesciunt. Non aut voluptatem qui. Et numquam sint quia.','voluptatum',6797,NULL,57,'1972-03-19 09:24:07','1975-09-29 11:56:35'),(58,58,'Temporibus cupiditate sed harum animi deserunt velit ullam. Et fugit voluptatem voluptatibus qui voluptate dolorem reprehenderit enim. Dolore tempora deleniti autem adipisci saepe qui et incidunt.','laborum',845,NULL,58,'1987-03-21 11:53:16','2001-02-25 12:53:14'),(59,59,'Aut dicta iste dicta blanditiis id. Laudantium architecto aliquid ea minus.','quis',0,NULL,59,'1975-07-25 18:51:12','2003-02-17 14:28:02'),(60,60,'Recusandae totam reiciendis vel et. Qui dolores officia fuga fugit odio. Voluptatem exercitationem iste vel dolorem nisi quae voluptatem quibusdam. Nihil explicabo qui molestiae quo eligendi.','ut',2654459,NULL,60,'1973-02-17 07:09:58','1986-06-17 02:39:58'),(61,61,'Aliquam est architecto dolorem. Corrupti saepe modi corporis et id id est. Quia consequatur dicta odio ut. Qui ut ipsum nemo unde.','velit',174196735,NULL,61,'2003-10-20 05:14:00','2015-06-14 02:08:11'),(62,62,'Deleniti totam odio tempora cum alias voluptas numquam. Et occaecati beatae et dolorem similique officia. Amet optio qui animi ut est porro sequi. Laborum modi ea soluta consectetur nihil.','fugiat',2,NULL,62,'1987-11-18 10:22:01','2018-07-03 22:08:09'),(63,63,'Et nihil nulla voluptatem corporis voluptates animi. Sed in voluptatum excepturi aspernatur iusto dolor qui consectetur.','aspernatur',908254,NULL,63,'1998-10-26 23:06:24','1981-06-11 01:24:08'),(64,64,'Sed quisquam fugiat facere totam. Quaerat illo optio dicta est. Tempora assumenda voluptatem repellat voluptates facilis cumque fugit.','impedit',239,NULL,64,'2000-02-06 05:04:15','1995-05-27 23:14:08'),(65,65,'Debitis dolorum ea et nobis et magni suscipit explicabo. Aut optio harum aliquam omnis occaecati.','eveniet',6,NULL,65,'2004-07-20 22:16:28','1971-12-11 19:21:38'),(66,66,'Eligendi unde doloremque sapiente aliquam doloremque non. Corrupti voluptatem officiis quasi fuga consequatur esse.','aut',3426,NULL,66,'1981-08-13 12:15:44','2020-08-24 16:12:16'),(67,67,'Aperiam blanditiis sint tempore quam est perferendis. Magni magnam reiciendis similique. Et et ducimus sunt ducimus quibusdam sit dolorum aliquid.','commodi',848,NULL,67,'1997-07-20 13:11:58','2013-07-21 20:02:00'),(68,68,'Totam in mollitia voluptatem incidunt enim. Libero voluptate quod rerum exercitationem fuga nam commodi. Itaque fuga deserunt qui natus.','inventore',6,NULL,68,'1983-02-13 21:49:06','2002-02-18 10:45:49'),(69,69,'Nam accusantium ut quo ut reprehenderit. Fugit error incidunt quam velit reprehenderit nesciunt voluptatum. Sit est ex accusantium tempora nisi velit non.','est',14,NULL,69,'1979-06-09 14:36:04','1976-09-01 23:34:53'),(70,70,'Laboriosam veniam mollitia et necessitatibus est. Ipsam aut iste et voluptate qui. Quo modi non unde temporibus est. Velit eligendi aperiam sapiente facere quod explicabo fuga.','qui',43,NULL,70,'1994-02-07 06:20:50','1993-08-20 07:06:47'),(71,71,'Ea vitae eos distinctio sint. Vitae ut ut id ut suscipit quia. Totam quibusdam delectus unde iusto odit quo officia dolorem.','qui',646,NULL,71,'1998-01-23 18:37:57','1997-04-28 08:44:42'),(72,72,'Fugit eligendi ducimus nihil delectus voluptatem consequatur saepe ut. Consequatur laboriosam unde nam et alias distinctio. Ad dolorem in sit.','nulla',480369,NULL,72,'2007-05-13 16:02:48','2008-04-02 12:36:44'),(73,73,'Et optio sint sed sit reprehenderit voluptate. Rerum deleniti et sit veritatis ut sapiente autem. Corporis quo veritatis non rem quas ut aut. Et officiis quo omnis id dolor ut dicta.','aliquam',0,NULL,73,'2010-09-28 10:49:52','1989-07-19 21:09:01'),(74,74,'Qui et sit rerum. Asperiores odit iusto mollitia enim. Quia est et quidem exercitationem.','voluptatem',6333577,NULL,74,'2012-03-22 01:23:28','1997-04-08 07:23:07'),(75,75,'Dignissimos explicabo ut maiores eos mollitia nostrum odio ipsum. Accusantium placeat autem deleniti quis est qui omnis corrupti. Dolores modi fuga non aut suscipit. Explicabo rerum voluptas harum omnis necessitatibus vel dolores.','ullam',5,NULL,75,'2004-07-12 01:37:27','2009-11-08 17:03:26'),(76,76,'Et sed officia amet quas quas facere. Veniam eligendi nihil qui qui voluptas maiores necessitatibus. Quisquam consequatur sed est aut veritatis sequi. Amet molestiae rerum explicabo aperiam voluptatem soluta.','quia',9,NULL,76,'2000-04-23 23:09:04','1994-03-18 10:02:24'),(77,77,'Eos rem consequatur repudiandae sint voluptas. Tempore eligendi ullam est labore. Autem qui dignissimos libero recusandae in.','omnis',3036757,NULL,77,'1993-08-26 02:12:19','2008-09-11 17:54:32'),(78,78,'Rerum magnam numquam natus assumenda architecto omnis mollitia. Inventore commodi iusto ducimus sit eos consequatur dolorem. Suscipit et molestiae at.','quas',5,NULL,78,'2013-08-01 13:19:15','2007-07-19 18:59:05'),(79,79,'Nihil minus magni exercitationem non. Excepturi earum id iure quia nesciunt maxime consequatur ratione. Eum sunt perferendis magni expedita dolorum.','blanditiis',62213101,NULL,79,'2002-03-26 13:46:50','1978-10-14 14:01:36'),(80,80,'Ullam quaerat repellat excepturi animi occaecati. Quod cumque qui esse asperiores.','distinctio',6184869,NULL,80,'1982-09-20 16:01:35','2009-10-09 07:16:05'),(81,81,'Exercitationem et dolor officia nobis vitae. Dolore fuga harum impedit. Ipsum exercitationem non quo quis recusandae et. Ex nostrum amet sit molestiae quisquam ullam consequatur libero. Enim quo enim magni qui sit eligendi ut praesentium.','magni',0,NULL,81,'2012-07-29 09:59:23','2008-10-21 03:44:00'),(82,82,'Enim aut voluptatem ea hic consequatur voluptatum sint minus. Porro consequatur nulla fugiat ut. Odio voluptatem quis explicabo voluptas fuga cumque eius. Ipsa quo rerum magnam et aut expedita dolor.','reprehenderit',5,NULL,82,'2012-10-25 20:22:56','2015-12-28 11:16:15'),(83,83,'Quia id placeat minus. Qui corrupti sit tempora possimus. Et eaque et ipsa architecto. Praesentium voluptate non repellat culpa corrupti vel.','ipsam',0,NULL,83,'1988-09-06 16:26:48','1983-11-28 00:18:33'),(84,84,'Non aut qui veniam blanditiis cumque voluptas. Voluptates aperiam cupiditate in nesciunt. Vel facilis vel est voluptatem ut ex ratione.','sint',0,NULL,84,'2010-04-06 19:12:11','1982-07-31 01:26:32'),(85,85,'Et nihil non voluptate et aut eos labore consequatur. Labore iure doloribus eligendi nam. Aspernatur sed et reiciendis tenetur. Reprehenderit quae libero sint sint ut quod. Dolores ut qui et reprehenderit molestias ipsum atque architecto.','unde',21415,NULL,85,'2002-05-04 04:13:30','2010-04-14 06:16:23'),(86,86,'Voluptas quas quia porro et perspiciatis. Repudiandae deleniti sed molestiae nobis. Exercitationem accusamus est id culpa rem sequi est sed.','aspernatur',35,NULL,86,'2012-12-01 18:20:49','1980-08-03 20:36:33'),(87,87,'Nisi ut sunt dolor. Ipsam magnam minima nesciunt voluptatibus. Quam dolorem reiciendis qui quia molestiae voluptas eum. Repudiandae magnam earum totam quo ut officiis quaerat.','possimus',47,NULL,87,'1971-04-07 16:31:32','1981-12-18 22:35:21'),(88,88,'Ab est sit tenetur vitae praesentium. Illo magnam earum quidem totam tempora mollitia. Enim unde inventore aut repellat.','veniam',9677079,NULL,88,'1983-11-19 17:15:59','1997-02-01 19:25:08'),(89,89,'Est officia a quas natus itaque sequi tempora voluptas. Odio sed ut culpa unde eveniet aliquam aut aut. Quos aspernatur sint consequatur quis sint.','sed',16036,NULL,89,'1980-08-16 01:34:41','2021-06-07 16:30:30'),(90,90,'Eius vero sed beatae pariatur nobis fugit. Blanditiis non esse enim nostrum sint iure omnis saepe. Sed vel quaerat sint iusto. Sed quibusdam quis ullam illo est.','sint',4335454,NULL,90,'2013-02-01 13:11:24','2010-10-01 17:00:48'),(91,91,'Aut est aut ducimus quia odit dolor. Facere ipsum quidem corrupti et quia voluptas accusamus cupiditate.','voluptatibus',5,NULL,91,'1983-06-10 19:40:25','2001-05-01 10:31:44'),(92,92,'Qui consequuntur deleniti et et et sit sed. Fugit deserunt illum est pariatur ratione aspernatur. Iste et quia omnis vel architecto rerum sunt. Vero laborum qui sequi aut molestias aspernatur veniam. Et odio quos consequuntur.','maiores',9,NULL,92,'1983-03-27 13:25:13','1994-07-07 06:36:24'),(93,93,'Eum autem nam pariatur nam voluptatem. Minima amet omnis distinctio minus. Officia et aut debitis voluptates. Provident sit iste est sed doloribus.','dicta',68863045,NULL,93,'2020-11-16 14:29:04','1994-05-03 22:32:37'),(94,94,'Suscipit veniam ut voluptas et. Ut nemo commodi ipsam ratione reiciendis accusamus. Impedit neque numquam voluptatem culpa ea qui earum.','dolor',1785695,NULL,94,'1971-01-22 02:13:33','2012-03-27 01:15:51'),(95,95,'Fuga sit distinctio nesciunt quia dolor. Ullam quia quo aperiam in quisquam odio. Sed eos fuga mollitia ex blanditiis est qui. Voluptatibus velit aspernatur vero expedita.','maxime',0,NULL,95,'2005-09-30 20:27:35','1985-06-28 21:35:07'),(96,96,'Autem tempore excepturi eius atque. Fugit iste a qui soluta facere rerum. Natus nostrum molestiae optio eveniet ut et commodi.','odio',5424237,NULL,96,'1976-12-05 20:44:27','2013-01-29 22:59:02'),(97,97,'Rerum et molestias doloremque in reprehenderit. Accusamus ab earum et perferendis. Non sit est similique hic.','repellat',0,NULL,97,'1994-03-16 13:20:29','1979-06-01 06:03:48'),(98,98,'Ipsum vel ad quia animi. Sit dicta excepturi quae tenetur voluptate enim. Consequuntur sequi et id fugit hic quia. Velit est adipisci eaque ut consectetur. Et deleniti debitis repudiandae.','eligendi',6,NULL,98,'2017-08-25 03:45:14','2014-05-10 09:52:38'),(99,99,'Consequatur libero ad vel non rerum magnam doloribus. Consequatur impedit dicta dolores.','totam',709474,NULL,99,'1993-08-03 21:47:22','1999-12-07 05:25:55'),(100,100,'Sit libero quidem sint ratione. Est quae fugit officiis. Veritatis qui totam facere pariatur ullam aut.','cumque',516841631,NULL,100,'1996-01-10 18:03:09','1987-03-13 07:35:27');
/*!40000 ALTER TABLE `media` ENABLE KEYS */;
UNLOCK TABLES;

--
-- Table structure for table `media_types`
--

DROP TABLE IF EXISTS `media_types`;
/*!40101 SET @saved_cs_client     = @@character_set_client */;
/*!40101 SET character_set_client = utf8 */;
CREATE TABLE `media_types` (
  `id` bigint(20) unsigned NOT NULL AUTO_INCREMENT,
  `name` varchar(255) COLLATE utf8mb4_unicode_ci DEFAULT NULL,
  PRIMARY KEY (`id`)
) ENGINE=InnoDB AUTO_INCREMENT=101 DEFAULT CHARSET=utf8mb4 COLLATE=utf8mb4_unicode_ci;
/*!40101 SET character_set_client = @saved_cs_client */;

--
-- Dumping data for table `media_types`
--

LOCK TABLES `media_types` WRITE;
/*!40000 ALTER TABLE `media_types` DISABLE KEYS */;
INSERT INTO `media_types` VALUES (1,'sed'),(2,'voluptatibus'),(3,'deserunt'),(4,'labore'),(5,'repellat'),(6,'deserunt'),(7,'quam'),(8,'ipsum'),(9,'at'),(10,'dolor'),(11,'consequatur'),(12,'mollitia'),(13,'alias'),(14,'natus'),(15,'harum'),(16,'consequatur'),(17,'et'),(18,'laboriosam'),(19,'maxime'),(20,'cum'),(21,'voluptatem'),(22,'consequatur'),(23,'deserunt'),(24,'inventore'),(25,'voluptatem'),(26,'voluptatem'),(27,'soluta'),(28,'omnis'),(29,'quis'),(30,'quia'),(31,'commodi'),(32,'voluptas'),(33,'autem'),(34,'aut'),(35,'et'),(36,'dolor'),(37,'fuga'),(38,'culpa'),(39,'consequatur'),(40,'esse'),(41,'sit'),(42,'ullam'),(43,'repellat'),(44,'earum'),(45,'qui'),(46,'officiis'),(47,'earum'),(48,'incidunt'),(49,'tenetur'),(50,'adipisci'),(51,'quae'),(52,'quaerat'),(53,'neque'),(54,'blanditiis'),(55,'non'),(56,'eum'),(57,'qui'),(58,'fugiat'),(59,'vitae'),(60,'facere'),(61,'illum'),(62,'eos'),(63,'itaque'),(64,'dolorem'),(65,'quia'),(66,'quasi'),(67,'sit'),(68,'doloribus'),(69,'provident'),(70,'qui'),(71,'aut'),(72,'debitis'),(73,'voluptatem'),(74,'ut'),(75,'ut'),(76,'quia'),(77,'ipsam'),(78,'qui'),(79,'itaque'),(80,'magni'),(81,'vitae'),(82,'quam'),(83,'et'),(84,'ab'),(85,'et'),(86,'laudantium'),(87,'eos'),(88,'ab'),(89,'voluptas'),(90,'voluptatem'),(91,'mollitia'),(92,'et'),(93,'et'),(94,'et'),(95,'quis'),(96,'qui'),(97,'nam'),(98,'dolorem'),(99,'nisi'),(100,'est');
/*!40000 ALTER TABLE `media_types` ENABLE KEYS */;
UNLOCK TABLES;

--
-- Table structure for table `messages`
--

DROP TABLE IF EXISTS `messages`;
/*!40101 SET @saved_cs_client     = @@character_set_client */;
/*!40101 SET character_set_client = utf8 */;
CREATE TABLE `messages` (
  `id` bigint(20) unsigned NOT NULL AUTO_INCREMENT,
  `from_user_id` bigint(20) unsigned NOT NULL,
  `to_user_id` bigint(20) unsigned NOT NULL,
  `body` text COLLATE utf8mb4_unicode_ci DEFAULT NULL,
  `created_at` datetime DEFAULT current_timestamp(),
  PRIMARY KEY (`id`),
  KEY `from_user_id` (`from_user_id`),
  KEY `to_user_id` (`to_user_id`),
  CONSTRAINT `messages_ibfk_1` FOREIGN KEY (`from_user_id`) REFERENCES `users` (`id`),
  CONSTRAINT `messages_ibfk_2` FOREIGN KEY (`to_user_id`) REFERENCES `users` (`id`)
) ENGINE=InnoDB AUTO_INCREMENT=101 DEFAULT CHARSET=utf8mb4 COLLATE=utf8mb4_unicode_ci;
/*!40101 SET character_set_client = @saved_cs_client */;

--
-- Dumping data for table `messages`
--

LOCK TABLES `messages` WRITE;
/*!40000 ALTER TABLE `messages` DISABLE KEYS */;
INSERT INTO `messages` VALUES (1,1,1,'Ea reprehenderit esse sit est odit. Labore impedit est pariatur tenetur reiciendis ea commodi. Necessitatibus necessitatibus qui facilis facere.','1984-08-01 08:21:13'),(2,2,2,'Corrupti expedita quisquam officiis eveniet ea. Earum eos rem sunt maxime qui. Officia ut illo dolores. Corrupti et ut non maxime perspiciatis qui.','1977-05-14 15:42:34'),(3,3,3,'Error voluptatem ut voluptatem praesentium temporibus rerum iusto. Enim est enim laboriosam sit culpa.','1989-07-31 20:01:56'),(4,4,4,'Ea dolor harum esse cum aspernatur et eligendi. Iste nostrum esse eos praesentium impedit. Ea aspernatur voluptas a non velit quia accusamus asperiores. Sequi eum aut aut.','2002-10-07 08:17:46'),(5,5,5,'Optio hic qui eius qui et harum dicta et. Fugiat ab delectus nemo quae est facere ut. Dolor ut sed ad dolores accusantium commodi non.','1988-05-23 12:55:58'),(6,6,6,'Accusantium odio quod odit. Fuga atque dignissimos ut repellat et nostrum. Reiciendis molestiae cum aut occaecati animi molestiae nam.','2009-02-01 09:36:39'),(7,7,7,'In possimus quae assumenda repellat soluta. Maiores voluptatum dignissimos sint. Quo quaerat dolores nostrum dolores eaque quasi consequatur nisi. Eos aliquid quod perferendis voluptas quo quae.','1998-10-30 08:57:37'),(8,8,8,'Aliquam et magni eius molestiae placeat. Vero nam eligendi molestiae veritatis distinctio. Quo aut id fugit aut quia.','1970-04-16 02:53:32'),(9,9,9,'Vel rem voluptas laboriosam nesciunt culpa mollitia. Perferendis illum unde beatae possimus dolores sunt. Cumque quis illum nesciunt et ad maiores.','1979-08-30 05:15:49'),(10,10,10,'Expedita et quae nam esse. Velit mollitia pariatur deleniti id quisquam et. Ad veritatis dolorem qui dolor.','1975-02-12 13:56:46'),(11,11,11,'Est in provident fugit earum saepe similique. Blanditiis ullam quis recusandae. Ea ea dolorem officia dolore aut est. Quae et autem facilis dolorem ab aliquam iusto ut.','1984-01-30 14:13:02'),(12,12,12,'Inventore totam dicta quam cumque. Iure nostrum reprehenderit sit minima aut enim labore. Aut molestias atque dolores iusto voluptatem laborum aspernatur.','2000-10-09 13:11:37'),(13,13,13,'Sint aliquid corporis mollitia nesciunt porro. Tempore totam qui aut voluptas beatae numquam.','1972-09-06 02:43:55'),(14,14,14,'Saepe qui asperiores similique reiciendis et. Quia rerum quibusdam ipsa illo consectetur quia. Iure ut accusantium aut iusto ab excepturi possimus. Perferendis animi et ad eum assumenda odit. Velit officia quos deserunt officiis error architecto eius doloremque.','2013-01-16 23:49:06'),(15,15,15,'Et et impedit inventore pariatur odio. Consequatur ratione animi distinctio quo in rerum rem qui. Rerum voluptates non aut debitis iusto delectus vel.','1980-09-14 04:01:29'),(16,16,16,'Delectus ut quia commodi eum voluptatem. Aut facere magnam voluptatem cum ducimus. Illo commodi sequi earum aut voluptas est. Repellendus veritatis qui fugit.','1987-07-31 12:29:23'),(17,17,17,'Ex tenetur cum quo nihil. Facere consequatur sint voluptatem rem nihil. Est velit molestias fugiat error tenetur velit ab. Explicabo est aut sit.','1981-11-07 00:27:32'),(18,18,18,'Magni maiores cupiditate voluptas aliquid architecto pariatur et harum. Dolorem repudiandae aut sit dicta voluptas aut ut aut. Debitis voluptatum deleniti tempora eum animi iure. Exercitationem voluptatem iure enim tempore laborum.','2003-03-14 07:12:59'),(19,19,19,'Consequatur enim autem doloribus earum omnis libero quis. Fugiat fuga dolor repellat. Natus a sit soluta alias. Et soluta et autem praesentium.','1983-07-01 07:30:15'),(20,20,20,'Enim beatae assumenda dolor et. Cumque id debitis dicta corrupti facilis. Incidunt aliquid debitis adipisci placeat quos. Nihil sed eius quos.','2018-12-14 23:59:05'),(21,21,21,'Id quae ratione quis nobis non minima repudiandae molestiae. Et vel eveniet animi exercitationem. Reiciendis dolorem repudiandae modi quidem ea ipsum iusto laborum.','1979-11-18 13:07:11'),(22,22,22,'Aut quis adipisci nam. Deserunt culpa veritatis quae. Et aspernatur corrupti qui qui vel. Aut nostrum animi et debitis ratione et unde.','2010-07-22 22:17:17'),(23,23,23,'Et veniam quo distinctio voluptas minima fuga. Velit ut nobis molestiae illo consequatur ratione quidem. Eligendi et aut inventore eum pariatur est. Odit consequuntur quia in architecto quasi.','2009-05-01 23:42:30'),(24,24,24,'Aperiam inventore ut ullam et asperiores quo. Autem quis eum velit quia ullam ipsum. Dolores id deserunt laborum cum.','2017-08-17 01:02:51'),(25,25,25,'Non ut et accusantium sequi perspiciatis. Debitis qui et non vitae voluptas et non.','2013-08-07 01:25:42'),(26,26,26,'Autem officiis incidunt consequatur culpa. Voluptates corrupti omnis omnis tenetur dolores voluptas omnis. Accusamus similique voluptatem voluptates sed voluptates in omnis a.','1995-09-13 18:11:12'),(27,27,27,'Asperiores velit maxime voluptatibus animi. Praesentium animi voluptatem est quos sed est ipsam. Ipsa et velit consequuntur.','2021-06-06 14:46:37'),(28,28,28,'Qui fuga eos a magnam pariatur quidem. Impedit quasi iste veniam inventore omnis minima sunt et. Velit unde debitis quos tempora. Quisquam dolor dolorem quibusdam est.','2014-03-20 04:02:18'),(29,29,29,'Corrupti ea debitis nihil eveniet voluptatem. Corporis modi ad soluta dolorum iure eum eum. Nisi ut asperiores sed vero voluptatem libero cum. Modi quo suscipit temporibus assumenda.','2014-06-08 00:34:52'),(30,30,30,'Quo rem quos consequatur ipsam omnis ut ab. Doloribus quo fugit et necessitatibus esse suscipit. Sapiente porro architecto fugit accusamus eveniet aliquid facilis.','2018-10-22 09:27:32'),(31,31,31,'Temporibus aut qui quam eos cumque. Possimus quo consequuntur explicabo et explicabo non voluptates earum. Sed explicabo maiores eum vel soluta consectetur eos. Accusamus nostrum rerum ipsam.','1977-12-12 20:21:00'),(32,32,32,'Aliquam aperiam dolorum voluptatem distinctio aut velit. Atque perspiciatis eveniet libero quia. Repellendus pariatur sed ut inventore sed quibusdam. Officiis nam porro corrupti reiciendis quo porro.','2009-10-15 05:57:55'),(33,33,33,'Modi beatae rem vitae laudantium. Autem consequuntur et et porro assumenda nisi quod. Ea omnis quia cumque aperiam illum adipisci sunt omnis.','1983-11-03 13:38:37'),(34,34,34,'Unde aspernatur sed culpa. Non laborum illum et voluptatem quia. Nemo facere ipsam eos perferendis aut sint.','2007-02-19 00:04:22'),(35,35,35,'Aut temporibus eveniet officiis fugiat iusto nam quia. Et maiores dolorum et autem. Quisquam illo dicta esse reprehenderit alias autem nulla. Eaque sit magnam incidunt debitis nulla.','2012-02-17 23:01:50'),(36,36,36,'Labore molestiae velit quibusdam ex voluptas voluptatem. Enim necessitatibus quo voluptatem aut voluptatibus. Sint a non sit ex.','1986-08-04 12:17:22'),(37,37,37,'Ex architecto expedita praesentium asperiores ea deserunt. Est quos nam quos eveniet sit. Sit autem ipsam et ut. Nihil est aut architecto totam quibusdam ad.','1970-09-29 19:26:59'),(38,38,38,'Iusto quidem laudantium ut est cum aut nostrum. Laboriosam vel ut dolorem sunt sed rerum. Nisi velit quos tempora corporis quia nesciunt nihil.','2020-04-22 03:22:57'),(39,39,39,'Maiores ut sed sit. Excepturi numquam corporis et quis sunt impedit.','1975-11-05 09:08:15'),(40,40,40,'Et et accusamus et voluptas. Perferendis fuga officiis ea occaecati totam tempora. Vel exercitationem eaque ipsa similique voluptatem incidunt modi ut. Enim dignissimos nulla fuga.','2004-12-16 04:02:16'),(41,41,41,'Sit voluptas deserunt facere doloribus excepturi voluptatum explicabo mollitia. Soluta cupiditate eos non sed odio voluptates nemo. Quia facilis quo dicta illum corrupti voluptatum.','1982-12-03 16:03:32'),(42,42,42,'Nostrum consequuntur saepe nostrum debitis excepturi hic. Qui ratione autem tempore. Sequi dolorum itaque provident quis aut quia natus voluptas.','1971-03-01 11:16:25'),(43,43,43,'Qui esse numquam aspernatur culpa id. Et architecto impedit assumenda et labore autem sit. Deleniti nihil ea voluptatibus nam laborum optio id. Quo vitae laudantium ipsum laudantium quia. Quod in placeat voluptas porro et ut.','1994-03-14 15:45:32'),(44,44,44,'Quibusdam sint eveniet modi omnis ut velit quo. Error neque quasi quasi facere eos et. Nihil neque sapiente aperiam suscipit aut veniam autem velit.','2017-07-05 02:59:41'),(45,45,45,'Natus similique asperiores delectus. Earum voluptatem voluptas voluptatem commodi delectus. Ut perspiciatis voluptas dolores quisquam suscipit tenetur.','1971-08-12 04:05:49'),(46,46,46,'Eius qui aut qui quia. Ipsum rem necessitatibus itaque iste est facere qui. Placeat itaque velit ut in numquam eum dolorem. Quo velit repellat rerum sit quia omnis et. Ex non asperiores sed debitis.','1974-01-12 04:00:00'),(47,47,47,'Aut perspiciatis aut quos dolorum rerum voluptas dolorum. Est cum ut eligendi et quod. Est nam sit et. Error voluptates ducimus rerum fugit harum.','2005-04-04 08:13:42'),(48,48,48,'Ut officiis neque veritatis animi ut esse. Quas sed ducimus ipsa commodi. Non odio facere eligendi at sunt omnis quidem. Aspernatur ex a magni fugit molestias autem qui voluptas. Et cupiditate molestias dolorem asperiores consectetur.','2003-12-07 14:38:37'),(49,49,49,'Praesentium natus totam voluptatem aliquam placeat enim minus. Officia est ipsa quo doloribus in. Modi maiores exercitationem eos aut rem. Repellat architecto id modi a maiores. Iure tenetur veniam libero.','2001-07-02 07:21:41'),(50,50,50,'Perferendis maiores soluta et. Laudantium est nostrum unde. Praesentium rerum veritatis sunt similique odit officia totam. Omnis sint quo velit tempora.','2019-03-05 17:09:21'),(51,51,51,'Saepe praesentium amet ipsam adipisci et rerum. Nesciunt aut nostrum magnam nostrum dignissimos occaecati. Et harum sed eligendi veniam voluptatem. Quia laudantium praesentium perferendis.','1998-11-23 19:24:09'),(52,52,52,'Neque id magnam impedit minima vero vero fugiat. Excepturi nihil quam perspiciatis ut quaerat quia. Aliquid ratione totam dicta labore porro id consequatur. Nobis officiis et dicta eum accusamus accusantium.','1985-11-04 18:16:13'),(53,53,53,'Natus qui repudiandae aperiam veritatis dolore placeat ullam. Fuga et numquam ipsum exercitationem dolores laboriosam reprehenderit. Aspernatur similique vero tempore voluptatem. Et cumque officia culpa ratione dolorem debitis laboriosam.','2005-07-30 13:23:56'),(54,54,54,'Perferendis vel libero voluptatum molestiae similique iure ut. Nulla pariatur molestias perspiciatis atque eum ducimus et.','1999-02-18 08:35:39'),(55,55,55,'Asperiores molestiae fuga consequuntur enim quo velit. Laudantium quo nemo ea quas. Earum reiciendis sequi possimus dolorum et id. Reprehenderit culpa est in et hic ab.','1980-01-25 23:06:22'),(56,56,56,'Incidunt fugit occaecati et dolores dolorem non libero. Autem nam enim consequatur ipsum debitis repudiandae vel illum. Velit qui quia occaecati voluptas hic et. Officiis aut soluta accusamus est.','2005-01-17 03:28:09'),(57,57,57,'Ut porro et reprehenderit a voluptas dolores minus dolores. Ut dolore impedit quia deleniti sed dolor voluptates. Iure sapiente blanditiis recusandae exercitationem. Voluptatem saepe itaque commodi.','1999-05-08 13:27:23'),(58,58,58,'Unde sequi omnis animi odio laboriosam et voluptatem. Corporis ut dolores et. Saepe sed sequi neque architecto.','1988-03-20 23:55:36'),(59,59,59,'Atque placeat ab eius sunt id quia beatae. Ut ut consequatur illo magnam et odio vel. Ullam ut et qui quibusdam.','1971-04-16 17:41:09'),(60,60,60,'Ut doloremque eaque alias in repudiandae quaerat aliquam. Saepe tempore quidem velit earum qui iure. Architecto vel ea assumenda. Minima iusto dolor nesciunt iusto.','2016-12-01 06:35:05'),(61,61,61,'Consequatur ratione cumque harum asperiores nam minus. Voluptate facere consequatur velit minima delectus et. At omnis eveniet laboriosam eius. A sapiente officia praesentium et aliquam.','2005-12-22 05:23:36'),(62,62,62,'Aliquid qui eaque nihil ut aut quos. Possimus esse dolorem ut aut. Omnis suscipit ea placeat.','1971-08-16 19:51:06'),(63,63,63,'Veritatis molestiae illum officia iste animi inventore. Dolore repudiandae placeat exercitationem. Omnis vero cumque numquam. Tempora eos dignissimos beatae dolores.','2017-07-18 02:44:13'),(64,64,64,'Doloremque quisquam voluptas qui dignissimos nulla aut. Quis id aspernatur rerum nam. Mollitia atque voluptatibus repudiandae rerum impedit et dolor. Et id id incidunt soluta incidunt voluptates exercitationem totam.','1974-09-05 01:27:48'),(65,65,65,'Beatae quo ab sunt nihil. Reiciendis praesentium possimus veritatis quasi. Et praesentium accusantium quasi optio. Laboriosam excepturi sapiente sed ut quo provident accusantium.','1997-11-29 23:46:04'),(66,66,66,'Velit enim sunt accusantium sit sit dolorem sed. Tempora soluta ipsam perspiciatis repudiandae qui. Corporis praesentium eos nihil fugiat beatae culpa.','1980-01-19 17:11:25'),(67,67,67,'Sed blanditiis amet quis atque optio. Facere perspiciatis labore sequi ex neque ut.','1980-09-05 21:27:35'),(68,68,68,'Facilis architecto sed laboriosam esse facilis atque earum. Quasi qui enim excepturi illo. Deserunt nam dolore nihil mollitia.','1984-04-22 20:50:21'),(69,69,69,'Incidunt corporis totam dicta. Dicta veniam non consequatur velit et hic illo. Quia sint et quos vitae officiis vero.','1989-12-09 07:37:45'),(70,70,70,'Id veniam autem doloremque delectus sunt. Nihil dolorum necessitatibus aspernatur maiores. Quia excepturi ab pariatur molestiae. Quis aut porro non.','2008-07-09 10:22:38'),(71,71,71,'Quod dolores nemo consequatur sequi et facilis dolorem cumque. Optio qui nemo libero.','2009-01-16 20:48:41'),(72,72,72,'Voluptas officia et sequi tempore. Blanditiis qui dolore aut placeat quos alias non. Quaerat quibusdam nisi id deserunt. Non in impedit distinctio nemo esse nesciunt.','1983-12-11 18:30:54'),(73,73,73,'Quisquam odit et aut accusantium impedit quasi impedit. Tempora quam quaerat possimus vel culpa. Occaecati consequatur expedita libero labore.','2011-08-14 00:37:17'),(74,74,74,'Dolorem sed enim praesentium praesentium cupiditate. Atque tenetur voluptas et voluptate error. Dolorum repudiandae explicabo aliquid qui nihil. Corporis et quisquam aut autem rerum voluptas.','1979-02-24 23:33:56'),(75,75,75,'Nemo iusto ab quidem in. Quaerat voluptas voluptatibus quidem aut perspiciatis molestiae voluptas. Ut voluptatem qui ut.','2011-02-19 15:34:28'),(76,76,76,'Voluptas quis sed tempora omnis quo ullam beatae. Iusto ut quod ducimus quia. Aut id facere sint enim minus eveniet unde. Asperiores dolor dicta qui exercitationem et quis.','2005-03-17 08:14:57'),(77,77,77,'Quibusdam voluptate officia in cupiditate natus possimus quaerat ut. Deleniti voluptatum quo illum molestiae eos. Aut aut dolor quae.','2003-08-17 03:47:23'),(78,78,78,'Accusamus dolores qui quia asperiores vel quis fugiat. Fuga dolorem quibusdam recusandae. Tempore molestiae omnis dolor est aliquid eveniet enim. Et qui totam saepe ut quo provident.','1984-03-21 07:57:16'),(79,79,79,'Deleniti ipsa quibusdam et distinctio. Dolor aliquid omnis ut animi aspernatur tenetur nulla maiores. Unde sunt et similique qui eaque distinctio nobis.','2012-08-20 20:11:02'),(80,80,80,'Accusamus aut cum praesentium exercitationem iure dolor. Non sint qui assumenda dignissimos minima nisi et. Assumenda blanditiis aut ratione a voluptatibus commodi.','1980-11-15 05:07:50'),(81,81,81,'Aperiam dolorum atque suscipit quis omnis. Voluptas iusto expedita esse minima dolor ab placeat. Culpa et animi beatae amet autem.','2008-09-28 01:18:32'),(82,82,82,'Quos maxime impedit neque eligendi harum voluptas. Temporibus qui odit veniam minus est libero voluptatem quibusdam. Veniam quas aut velit qui dolores modi aperiam. Dolorem unde mollitia occaecati amet ducimus.','2007-08-09 12:04:29'),(83,83,83,'Quia corrupti suscipit non dolor sit consectetur. Voluptatem mollitia numquam necessitatibus enim esse iure expedita. Beatae dolorem at dolor non saepe.','1977-04-24 19:35:22'),(84,84,84,'Vitae sequi quidem aliquid velit soluta fugiat. Maiores architecto rerum enim qui minima. Facere et ducimus laudantium velit officia hic. Aut optio excepturi est et cum optio.','1978-09-17 01:44:52'),(85,85,85,'Commodi impedit vero doloremque molestiae et at vel. Quae dolores illo aut explicabo esse. Officia non enim est ipsam sint velit libero. Eveniet sequi rem maiores qui quas.','2007-10-26 13:51:10'),(86,86,86,'Vero dolor corrupti delectus deserunt dolorem. Optio ducimus eaque quasi aut. Laborum ut sed voluptatem accusamus.','1979-03-22 21:46:14'),(87,87,87,'Sit eligendi mollitia quibusdam qui et voluptatibus magnam. Quis est sed ea et asperiores voluptatem. Omnis beatae voluptate in qui qui dolore ullam.','1993-02-07 18:15:59'),(88,88,88,'Laudantium recusandae consequuntur nihil aut voluptates consequuntur. Omnis eum placeat et quis. Voluptas ipsa accusamus placeat inventore quia fugit. Odit consequatur consequatur qui aut et et fugit.','1984-11-18 16:23:48'),(89,89,89,'Qui voluptas hic aliquid quo omnis. Earum tempore quae id. Voluptatibus rerum omnis ea placeat fugiat necessitatibus neque.','1984-06-06 02:32:36'),(90,90,90,'Expedita magnam minus dolorum id excepturi veritatis iste. Vel est veritatis quos dolor commodi fugit. Architecto aperiam recusandae ea fuga recusandae rerum voluptate.','1973-02-02 05:35:10'),(91,91,91,'Sit ratione corrupti natus voluptas hic et ex aspernatur. Molestiae debitis optio necessitatibus qui sit enim. Enim quia numquam aut mollitia sapiente aut. Sed laudantium ducimus delectus omnis.','1981-04-18 08:59:38'),(92,92,92,'Eum nesciunt quidem voluptatem impedit consequatur id non. Et qui ex minima alias et non. Enim omnis voluptatum quia.','2011-08-01 06:51:52'),(93,93,93,'Quo iusto cumque tempore eveniet explicabo. Aut id aut quo quam nisi. Cumque dolorum esse iusto occaecati. Qui perferendis odit voluptatem est.','1996-12-03 06:32:16'),(94,94,94,'Ducimus molestiae fugit aut vel est a. Rerum sit iste adipisci vitae veniam. Iure qui suscipit facilis vero qui. Molestias et nesciunt doloribus omnis nihil.','2011-09-02 08:14:45'),(95,95,95,'Officia rerum vel fugiat ut. Recusandae minima magnam quia aut at voluptas sint. Dolor enim voluptates neque quis sunt.','1972-06-06 04:09:09'),(96,96,96,'Quae dignissimos quos ipsam pariatur. Enim laudantium nihil qui cupiditate nesciunt ut.','2014-05-23 02:57:34'),(97,97,97,'Velit dolorem corporis soluta dolores est quia provident. Sequi et quis nesciunt. Debitis earum quos perferendis velit dolor asperiores et ut.','1976-03-08 01:28:58'),(98,98,98,'Exercitationem ut harum commodi. Ea in molestiae in ex officiis in.','1990-05-29 23:16:52'),(99,99,99,'Doloribus ex et maiores ut corrupti. Et sed velit in quaerat. Laborum est error sed minus. Odit veniam ipsam qui aut sit nobis voluptates.','2019-01-24 22:18:41'),(100,100,100,'Dolore porro eaque hic dolor ratione. Dolor ratione dolorum temporibus fuga atque quis. Dignissimos laboriosam repellendus quam saepe. Esse nemo et illo optio provident minima id.','1996-01-09 09:38:26');
/*!40000 ALTER TABLE `messages` ENABLE KEYS */;
UNLOCK TABLES;

--
-- Table structure for table `photo_albums`
--

DROP TABLE IF EXISTS `photo_albums`;
/*!40101 SET @saved_cs_client     = @@character_set_client */;
/*!40101 SET character_set_client = utf8 */;
CREATE TABLE `photo_albums` (
  `id` bigint(20) unsigned NOT NULL AUTO_INCREMENT,
  `name` varchar(255) COLLATE utf8mb4_unicode_ci DEFAULT NULL,
  `user_id` bigint(20) unsigned NOT NULL,
  PRIMARY KEY (`id`),
  KEY `user_id` (`user_id`),
  CONSTRAINT `photo_albums_ibfk_1` FOREIGN KEY (`user_id`) REFERENCES `users` (`id`)
) ENGINE=InnoDB AUTO_INCREMENT=101 DEFAULT CHARSET=utf8mb4 COLLATE=utf8mb4_unicode_ci;
/*!40101 SET character_set_client = @saved_cs_client */;

--
-- Dumping data for table `photo_albums`
--

LOCK TABLES `photo_albums` WRITE;
/*!40000 ALTER TABLE `photo_albums` DISABLE KEYS */;
INSERT INTO `photo_albums` VALUES (1,'consequuntur',1),(2,'harum',2),(3,'alias',3),(4,'natus',4),(5,'dolor',5),(6,'est',6),(7,'autem',7),(8,'quo',8),(9,'corporis',9),(10,'tenetur',10),(11,'velit',11),(12,'deleniti',12),(13,'asperiores',13),(14,'iure',14),(15,'ea',15),(16,'atque',16),(17,'et',17),(18,'doloremque',18),(19,'eveniet',19),(20,'libero',20),(21,'natus',21),(22,'inventore',22),(23,'harum',23),(24,'nam',24),(25,'non',25),(26,'non',26),(27,'voluptate',27),(28,'corporis',28),(29,'eaque',29),(30,'ullam',30),(31,'laudantium',31),(32,'qui',32),(33,'molestiae',33),(34,'rerum',34),(35,'qui',35),(36,'et',36),(37,'dolorum',37),(38,'natus',38),(39,'aut',39),(40,'aperiam',40),(41,'minus',41),(42,'quia',42),(43,'ratione',43),(44,'sunt',44),(45,'laborum',45),(46,'commodi',46),(47,'alias',47),(48,'esse',48),(49,'molestiae',49),(50,'dolor',50),(51,'praesentium',51),(52,'ullam',52),(53,'natus',53),(54,'vel',54),(55,'quibusdam',55),(56,'beatae',56),(57,'est',57),(58,'blanditiis',58),(59,'sequi',59),(60,'qui',60),(61,'itaque',61),(62,'explicabo',62),(63,'vel',63),(64,'et',64),(65,'vel',65),(66,'vero',66),(67,'temporibus',67),(68,'nobis',68),(69,'accusamus',69),(70,'numquam',70),(71,'autem',71),(72,'blanditiis',72),(73,'quae',73),(74,'similique',74),(75,'nesciunt',75),(76,'quia',76),(77,'necessitatibus',77),(78,'sunt',78),(79,'error',79),(80,'aliquam',80),(81,'harum',81),(82,'et',82),(83,'consequatur',83),(84,'itaque',84),(85,'excepturi',85),(86,'veniam',86),(87,'velit',87),(88,'similique',88),(89,'dolores',89),(90,'sint',90),(91,'natus',91),(92,'dolore',92),(93,'perferendis',93),(94,'tenetur',94),(95,'hic',95),(96,'sequi',96),(97,'nulla',97),(98,'et',98),(99,'omnis',99),(100,'vitae',100);
/*!40000 ALTER TABLE `photo_albums` ENABLE KEYS */;
UNLOCK TABLES;

--
-- Table structure for table `photos`
--

DROP TABLE IF EXISTS `photos`;
/*!40101 SET @saved_cs_client     = @@character_set_client */;
/*!40101 SET character_set_client = utf8 */;
CREATE TABLE `photos` (
  `id` bigint(20) unsigned NOT NULL AUTO_INCREMENT,
  `album_id` bigint(20) unsigned NOT NULL,
  `media_id` bigint(20) unsigned NOT NULL,
  PRIMARY KEY (`id`),
  KEY `album_id` (`album_id`),
  KEY `media_id` (`media_id`),
  CONSTRAINT `photos_ibfk_1` FOREIGN KEY (`album_id`) REFERENCES `photo_albums` (`id`),
  CONSTRAINT `photos_ibfk_2` FOREIGN KEY (`media_id`) REFERENCES `media` (`id`)
) ENGINE=InnoDB AUTO_INCREMENT=101 DEFAULT CHARSET=utf8mb4 COLLATE=utf8mb4_unicode_ci;
/*!40101 SET character_set_client = @saved_cs_client */;

--
-- Dumping data for table `photos`
--

LOCK TABLES `photos` WRITE;
/*!40000 ALTER TABLE `photos` DISABLE KEYS */;
INSERT INTO `photos` VALUES (1,1,1),(2,2,2),(3,3,3),(4,4,4),(5,5,5),(6,6,6),(7,7,7),(8,8,8),(9,9,9),(10,10,10),(11,11,11),(12,12,12),(13,13,13),(14,14,14),(15,15,15),(16,16,16),(17,17,17),(18,18,18),(19,19,19),(20,20,20),(21,21,21),(22,22,22),(23,23,23),(24,24,24),(25,25,25),(26,26,26),(27,27,27),(28,28,28),(29,29,29),(30,30,30),(31,31,31),(32,32,32),(33,33,33),(34,34,34),(35,35,35),(36,36,36),(37,37,37),(38,38,38),(39,39,39),(40,40,40),(41,41,41),(42,42,42),(43,43,43),(44,44,44),(45,45,45),(46,46,46),(47,47,47),(48,48,48),(49,49,49),(50,50,50),(51,51,51),(52,52,52),(53,53,53),(54,54,54),(55,55,55),(56,56,56),(57,57,57),(58,58,58),(59,59,59),(60,60,60),(61,61,61),(62,62,62),(63,63,63),(64,64,64),(65,65,65),(66,66,66),(67,67,67),(68,68,68),(69,69,69),(70,70,70),(71,71,71),(72,72,72),(73,73,73),(74,74,74),(75,75,75),(76,76,76),(77,77,77),(78,78,78),(79,79,79),(80,80,80),(81,81,81),(82,82,82),(83,83,83),(84,84,84),(85,85,85),(86,86,86),(87,87,87),(88,88,88),(89,89,89),(90,90,90),(91,91,91),(92,92,92),(93,93,93),(94,94,94),(95,95,95),(96,96,96),(97,97,97),(98,98,98),(99,99,99),(100,100,100);
/*!40000 ALTER TABLE `photos` ENABLE KEYS */;
UNLOCK TABLES;

--
-- Table structure for table `profiles`
--

DROP TABLE IF EXISTS `profiles`;
/*!40101 SET @saved_cs_client     = @@character_set_client */;
/*!40101 SET character_set_client = utf8 */;
CREATE TABLE `profiles` (
  `user_id` bigint(20) unsigned NOT NULL AUTO_INCREMENT,
  `gender` char(1) COLLATE utf8mb4_unicode_ci DEFAULT NULL,
  `birthday` date DEFAULT NULL,
  `photo_id` bigint(20) unsigned DEFAULT NULL,
  `created_at` datetime DEFAULT current_timestamp(),
  PRIMARY KEY (`user_id`),
  CONSTRAINT `fk_user_id` FOREIGN KEY (`user_id`) REFERENCES `users` (`id`) ON DELETE CASCADE ON UPDATE CASCADE
) ENGINE=InnoDB AUTO_INCREMENT=101 DEFAULT CHARSET=utf8mb4 COLLATE=utf8mb4_unicode_ci;
/*!40101 SET character_set_client = @saved_cs_client */;

--
-- Dumping data for table `profiles`
--

LOCK TABLES `profiles` WRITE;
/*!40000 ALTER TABLE `profiles` DISABLE KEYS */;
INSERT INTO `profiles` VALUES (1,'m','2017-06-24',1,'1987-06-11 21:10:16'),(2,'m','2016-03-05',2,'1992-10-11 10:38:08'),(3,'f','1979-09-21',3,'1998-08-17 22:56:30'),(4,'f','1984-02-16',4,'2012-05-06 02:23:41'),(5,'m','2016-01-25',5,'2010-05-16 21:16:16'),(6,'f','1974-08-26',6,'1993-12-30 21:41:30'),(7,'f','2021-10-24',7,'1986-09-02 01:57:59'),(8,'f','1984-06-29',8,'2014-02-20 20:01:10'),(9,'m','2018-12-04',9,'1973-12-12 07:25:24'),(10,'f','2019-01-30',10,'2017-01-25 02:27:47'),(11,'m','2015-05-06',11,'2000-04-26 03:34:19'),(12,'f','1983-02-10',12,'2015-03-26 22:09:49'),(13,'f','2018-08-18',13,'2001-02-10 17:41:54'),(14,'f','2011-06-24',14,'1992-11-04 15:44:59'),(15,'f','1980-12-07',15,'1981-04-04 18:57:38'),(16,'m','1988-04-17',16,'2013-12-25 20:28:53'),(17,'f','1977-09-12',17,'1992-10-04 09:59:33'),(18,'f','2005-11-15',18,'2004-09-20 09:51:10'),(19,'m','1989-12-02',19,'2003-08-23 18:25:58'),(20,'f','2005-12-31',20,'2013-03-17 19:21:28'),(21,'f','1989-11-05',21,'2019-04-02 17:50:30'),(22,'m','2011-09-19',22,'1991-06-07 07:21:54'),(23,'f','1999-11-29',23,'2006-10-23 16:20:11'),(24,'m','2014-07-08',24,'1971-10-04 07:22:36'),(25,'m','2021-01-08',25,'2004-09-02 01:33:13'),(26,'f','1978-12-17',26,'1990-06-30 22:36:09'),(27,'f','1983-12-15',27,'2012-03-24 22:24:17'),(28,'m','2021-03-08',28,'1988-09-21 02:02:12'),(29,'m','1990-01-02',29,'1999-01-05 08:55:07'),(30,'f','2010-08-27',30,'1996-02-07 05:47:20'),(31,'f','2003-05-21',31,'1985-11-25 02:41:36'),(32,'m','1982-01-02',32,'2020-04-15 16:02:42'),(33,'f','1992-04-22',33,'1999-06-05 20:48:52'),(34,'f','2016-04-13',34,'1988-02-01 07:59:06'),(35,'m','1976-01-01',35,'1996-07-01 09:00:40'),(36,'m','2000-08-25',36,'1981-05-01 23:57:52'),(37,'m','1983-06-27',37,'2021-11-13 08:07:06'),(38,'m','1981-01-02',38,'1984-10-07 18:26:40'),(39,'m','1979-09-20',39,'1989-07-16 18:11:40'),(40,'m','2018-05-01',40,'1979-06-23 09:34:41'),(41,'f','1996-09-26',41,'2003-04-06 14:16:08'),(42,'m','2006-05-19',42,'1981-10-08 20:56:13'),(43,'m','2012-11-22',43,'1995-05-11 21:34:25'),(44,'f','2010-09-25',44,'1982-02-02 16:46:05'),(45,'f','1988-03-16',45,'1999-02-07 19:45:39'),(46,'m','1974-05-14',46,'1998-09-16 21:41:29'),(47,'m','2006-11-16',47,'1992-10-27 01:54:56'),(48,'m','1977-07-11',48,'2015-05-19 18:26:11'),(49,'f','1983-10-08',49,'1995-09-29 10:56:05'),(50,'m','2010-02-09',50,'1984-01-29 17:32:05'),(51,'f','1993-07-12',51,'1978-03-23 19:51:27'),(52,'f','1975-05-09',52,'2018-08-11 12:15:57'),(53,'f','2001-08-21',53,'1984-06-27 22:13:37'),(54,'f','2014-04-18',54,'1980-02-24 21:54:12'),(55,'f','1983-04-23',55,'2009-06-27 06:12:19'),(56,'m','2013-08-20',56,'2005-02-20 20:20:02'),(57,'m','1977-10-29',57,'1971-09-19 02:53:54'),(58,'f','1982-08-14',58,'1970-07-29 12:33:12'),(59,'m','2016-11-16',59,'1985-11-04 14:04:10'),(60,'f','2007-10-29',60,'1992-03-13 09:38:02'),(61,'m','1990-08-23',61,'1988-02-16 20:52:29'),(62,'f','1992-09-22',62,'1989-03-11 14:23:37'),(63,'f','2005-04-30',63,'2020-07-09 14:03:23'),(64,'f','1985-10-11',64,'1987-04-26 00:07:56'),(65,'f','1995-04-05',65,'1981-11-09 08:19:30'),(66,'m','2013-07-02',66,'2004-06-04 01:06:55'),(67,'f','1982-11-30',67,'1970-03-21 05:26:21'),(68,'m','2014-10-24',68,'1971-01-20 23:39:47'),(69,'f','1997-11-12',69,'2018-07-23 01:15:30'),(70,'f','2017-12-10',70,'1981-08-13 05:24:19'),(71,'f','1975-02-03',71,'1978-07-15 08:31:50'),(72,'f','2006-11-10',72,'1991-03-23 15:49:55'),(73,'m','1974-09-08',73,'1978-10-02 23:11:40'),(74,'f','1988-09-17',74,'1997-02-18 08:31:41'),(75,'f','2006-07-25',75,'1997-08-25 15:24:53'),(76,'m','2013-12-07',76,'2015-10-23 12:46:13'),(77,'m','2019-08-22',77,'1976-10-12 08:42:09'),(78,'f','1970-05-26',78,'1970-07-13 14:20:44'),(79,'f','2015-10-22',79,'1994-02-26 20:01:54'),(80,'f','1971-05-03',80,'1991-07-16 10:09:24'),(81,'f','2001-03-22',81,'1995-12-22 09:35:38'),(82,'m','1977-11-19',82,'1974-12-30 10:28:57'),(83,'f','2004-08-28',83,'2001-03-16 09:24:27'),(84,'m','2010-12-29',84,'1996-04-03 11:07:33'),(85,'m','2013-11-30',85,'2018-07-20 01:49:43'),(86,'f','1996-08-06',86,'1987-05-01 05:10:31'),(87,'f','2008-11-01',87,'1981-11-09 03:34:12'),(88,'m','1975-03-05',88,'2004-02-08 23:57:52'),(89,'f','1977-09-05',89,'1987-02-04 18:10:17'),(90,'f','2007-08-25',90,'2002-12-02 19:56:34'),(91,'m','1972-04-01',91,'1994-03-02 16:10:16'),(92,'f','1988-05-24',92,'1993-08-02 13:46:25'),(93,'m','1976-07-31',93,'1992-01-29 14:49:56'),(94,'m','2020-12-08',94,'1997-01-28 01:19:59'),(95,'m','2001-03-09',95,'2005-02-24 15:00:34'),(96,'f','1980-06-06',96,'1981-04-16 19:19:00'),(97,'f','1985-04-17',97,'1972-03-27 18:14:05'),(98,'f','1991-05-29',98,'1991-03-22 19:58:09'),(99,'f','1989-10-12',99,'1975-05-16 16:09:14'),(100,'f','1976-08-18',100,'1994-04-28 19:12:16');
/*!40000 ALTER TABLE `profiles` ENABLE KEYS */;
UNLOCK TABLES;

--
-- Table structure for table `users`
--

DROP TABLE IF EXISTS `users`;
/*!40101 SET @saved_cs_client     = @@character_set_client */;
/*!40101 SET character_set_client = utf8 */;
CREATE TABLE `users` (
  `id` bigint(20) unsigned NOT NULL AUTO_INCREMENT,
  `firstname` varchar(100) COLLATE utf8mb4_unicode_ci DEFAULT NULL,
  `lastname` varchar(100) COLLATE utf8mb4_unicode_ci DEFAULT NULL COMMENT '',
  `email` varchar(120) COLLATE utf8mb4_unicode_ci DEFAULT NULL,
  `password_hash` varchar(100) COLLATE utf8mb4_unicode_ci DEFAULT NULL,
  `phone` bigint(20) unsigned DEFAULT NULL,
  `is_deleted` bit(1) DEFAULT b'0',
  PRIMARY KEY (`id`),
  UNIQUE KEY `email` (`email`),
  UNIQUE KEY `phone` (`phone`),
  KEY `users_lastname_firstname_idx` (`lastname`,`firstname`)
) ENGINE=InnoDB AUTO_INCREMENT=101 DEFAULT CHARSET=utf8mb4 COLLATE=utf8mb4_unicode_ci;
/*!40101 SET character_set_client = @saved_cs_client */;

--
-- Dumping data for table `users`
--

LOCK TABLES `users` WRITE;
/*!40000 ALTER TABLE `users` DISABLE KEYS */;
INSERT INTO `users` VALUES (1,'Ahmed','Kutch','athena73@example.org','4a62d895e383635d4ece3bcb9c5371375d590823',9261686817,'\0'),(2,'Cortez','Koss','kaylah.kuhlman@example.org','1bcc0fb6415eae94f23b960e00f08cf999b802e1',9904119077,''),(3,'Shanie','Weimann','wkrajcik@example.net','20fee36aebe9dae94ff6208952e7818df8b3ee6c',9995327844,'\0'),(4,'Devan','Stokes','shane86@example.com','a770f13cd76c557e45cd63e600a504986a47a2b2',9250424018,'\0'),(5,'Mariela','Kozey','murray.pattie@example.com','406fb3320083e1b276bea3d5437e444765799dba',9203759490,''),(6,'Jeffery','Hauck','bashirian.evangeline@example.com','886b0ce89b20d46c83b9e35fa6ed8f8887af5bd4',9082066078,'\0'),(7,'Caterina','Lind','lkshlerin@example.com','b5112c39d02e85a6ea3bd334c3ddf4fd722ee1dd',9869531412,''),(8,'Olaf','Kuphal','breana25@example.net','ef3d59f3fc7964cd1c130750955506e919e5c416',9433546175,''),(9,'Zella','Ryan','allen91@example.net','dcfad5efa76c6a3cb68f8c40d63130156c0ec4a3',9903269365,'\0'),(10,'Beverly','Pagac','mckenzie.lera@example.org','d44be6e488eaac51e89f139287de1934a7a5e465',9076843560,'\0'),(11,'Helga','Heidenreich','bogisich.ayla@example.org','a86783eed144af5470931fab75210ba41c44764f',9298453152,''),(12,'Julia','Kuphal','wdenesik@example.net','7d1c977cd57a931d7f7ab1279cb84ee5f5775829',9080850846,'\0'),(13,'Susan','Harris','esther.mccullough@example.org','2ff49748d468b039b66d5940ee287dcaa8bf75bb',9785022976,''),(14,'Ottis','Schuster','georgianna83@example.com','9d4ff09ae222e49d2c6ed82ebec6e82995b2f8c9',9529694945,'\0'),(15,'Jazmin','Tromp','alfred.fisher@example.com','eff3f41afc029681929ced58237f8e3671fbec9c',9145552459,'\0'),(16,'Fletcher','Kreiger','deckow.magnolia@example.org','49ce7f7251afb91a95e696a3c3eef71ed746b87e',9727121607,'\0'),(17,'Armando','Gutkowski','clint.labadie@example.org','cf01e210cad09f4979f2e1c37db1bea1c8a6971e',9408201837,'\0'),(18,'Sunny','Oberbrunner','rritchie@example.com','a49770e507b82762fdf1f17f6c55181bc8ce082a',9533054849,''),(19,'Moshe','Abshire','berneice.bernhard@example.net','2a475fce86510cabc9bb5fd7eba4519ab015630b',9663423857,''),(20,'Stephania','Barton','enrico.sanford@example.net','24ca66334d2cd34fd16faeede9cb9d0754b305db',9995815829,'\0'),(21,'Mallie','Dietrich','clark71@example.com','d27ec8ef574225904d12f3507a3d935dceecca73',9661854260,''),(22,'Winifred','Hane','schuster.anahi@example.org','559a376dbf10877d522ccec7681860e680cf8564',9194978064,'\0'),(23,'Julie','Mraz','willis48@example.org','ed9f0aae1047ba4032443649defefcc1e4c5c7b5',9615353945,'\0'),(24,'Odell','Koch','grady.faye@example.com','1da9b7f6a9234db57ebfc09a284a127bbb3b7666',9250396301,''),(25,'Easton','Hoppe','waters.hettie@example.org','604591878d7a273c1476fa19548596eaa46103fc',9519102432,''),(26,'Janelle','Shields','dana17@example.net','f3317e9c1e48f362baebf8cd5e4c170bd3bad5d1',9750686138,''),(27,'Cortez','Kilback','bergnaum.julio@example.net','78ef5ea474b1381830192c753cffab9d0906a781',9194136257,'\0'),(28,'Mohamed','Thompson','wiegand.neva@example.net','d79bca11963ba31f3ac341cdc813d4653db64480',9013246578,'\0'),(29,'Gladyce','Jerde','murray.michael@example.org','9c98bb4b1d9da297748958489cd894cc748c6ce3',9910047247,'\0'),(30,'Muriel','Schultz','mya60@example.net','a381df4690a42b5c20276dbbaf2cdf07b226201c',9920485652,''),(31,'Beryl','Ziemann','hal.tillman@example.net','18c569f4fb78fd98e023996f1a7efcf1b2e63bb7',9237911884,'\0'),(32,'Parker','Haag','xterry@example.org','184a7f58a3325c8f2e0e65df26866c6385e69a42',9666743482,''),(33,'Karlie','Harber','hklocko@example.net','f370758dbe013608bdbda2d688ff9e8476c9cec5',9877836515,''),(34,'Kris','Metz','karlie32@example.com','7d84070e2364ab51bd23a28a080e0eeaaf417bbe',9453492915,'\0'),(35,'Lexi','Bednar','sledner@example.org','0d897f3607027ddccf0b21c248aa01504bf0decf',9881035300,''),(36,'Uriel','Lang','dhackett@example.org','5232403bbc4023f8dca225a699f5c8d9eec42530',9915721945,'\0'),(37,'Fatima','Kuphal','morar.hosea@example.net','b3f6bf30c134476756e599420340867bd012da1f',9425866922,'\0'),(38,'Emilie','Rippin','agusikowski@example.com','741476e3738e7610a577617a5c0ce958bef75740',9264414164,'\0'),(39,'Pansy','Osinski','adrienne.flatley@example.org','dc527a7e64f2d557fcf59c1b74e6004488845b8d',9050886218,''),(40,'Crystel','Lowe','dibbert.mazie@example.org','d7ce29bfb50852315da7b13b1e1e76e11b80891a',9710848820,''),(41,'Guy','Wehner','felicity.keeling@example.com','6d8e2b6caac2d7e9cb9954f8c4e75d3ed8d227cc',9391943905,''),(42,'Marie','Hahn','crist.elmore@example.org','203e4927864dae3b582b359da0099c3ad8ae6874',9015460375,''),(43,'Alessia','Von','jschmitt@example.org','85b2395de9d51e9ca1d4bae8f8e3de047b6c2659',9894655558,''),(44,'Larissa','Green','shana.upton@example.org','a3c038b26609e918d114d1429800b4dafa88c031',9786459228,''),(45,'Al','Nienow','kcummings@example.org','0ccc15913a74bc7432dec177fe5d90d94af5f329',9808984351,'\0'),(46,'Orville','Daugherty','russel.lela@example.net','bdef75c9d53e0502c9ebd9e8c41edae776f66bfe',9539312998,''),(47,'Alf','Erdman','gtorphy@example.org','542a8a4b7faffba70d448b0bf6fc8137b8832f69',9757912840,'\0'),(48,'Gabe','Cummings','eve.keeling@example.org','60461b2590b9d746eca269eafdea5bfa24f69427',9605418164,''),(49,'Peggie','Kreiger','coberbrunner@example.com','43fa39f2670afb376ab4105efd623f49b1046253',9656704115,''),(50,'Ruthe','Heller','holson@example.net','b18e5f22847a3d598b50bec65b8ab9fac9a625d7',9687530234,''),(51,'Yasmin','Nader','travis74@example.com','7e8e1c131a3df3dadd1ba386d7155b07231575b1',9298910879,''),(52,'Bennett','Watsica','karley13@example.net','da604edc6512aa225c52bd87cc0a201b4e943951',9246981799,''),(53,'Jailyn','Howell','dward@example.org','ebf060529de9e7bbea64b170062c9d2bf7db9e50',9167147047,'\0'),(54,'Breanna','Walker','ankunding.pedro@example.com','592eb607e253e9cd6db3b24aa0d5e1b801ca1324',9682321340,''),(55,'Percy','Von','xbergstrom@example.net','e9b4668abdcfaf5de0fdcf7b02632d12781ed382',9738052073,''),(56,'Henri','Crona','acassin@example.org','41a38239d2c48f23147fa8e45861ecac6ff3584e',9972601022,'\0'),(57,'Zoey','Ledner','terrell.hansen@example.net','525f4016601799dd85e07c1dcdda92acb888512d',9077867617,''),(58,'Maximilian','Shanahan','bode.freddy@example.com','d1da1fa2dead538532be4104fe4806303f3df0e9',9619972657,''),(59,'Tony','Torp','jewell01@example.net','03999133c063061c939391f1f736c77c5fa88fcf',9458304894,''),(60,'Jett','Frami','gerda10@example.com','f52f5fe78e0ed64a2996b37ed807b8eb81c910b3',9129313192,''),(61,'Hans','Monahan','rebekah.hammes@example.org','766a77c57df2b3195e2e858268ab63cd6113d4bb',9702261865,''),(62,'Emily','Ebert','kavon94@example.org','d69031f9529d305b70fb0abbe07b4ade94525b3a',9424586635,'\0'),(63,'Timothy','Lebsack','bertrand.fay@example.net','3bc8874be5046b90c31680ff4edab6e8c89cb77d',9110048232,''),(64,'Hannah','Koss','alyce67@example.org','67db1c84500b1453fbc36016031b7c2cdfa9f832',9770871963,''),(65,'Patricia','Dooley','chaim00@example.net','6f5ce7593587d2b1722060a72f22ec29ac9e7a1b',9954617545,'\0'),(66,'Justus','Kassulke','raymond.bosco@example.net','726874f1e27f0978ef78d3f80abe377dbe7f396b',9230628779,''),(67,'Manley','Goodwin','ferne.beier@example.org','d622459293294b9d1e2581b26ff2f570ac8e3cae',9712940155,'\0'),(68,'Walter','Morissette','crona.beverly@example.net','8e65b9e5e31801cef41513638c154f7561b1cc33',9180106400,''),(69,'Tom','Feil','dietrich.dawson@example.org','35df4be648a3be2ef4658a7d2d3f40d815d9ed25',9780091103,''),(70,'Jerry','Ledner','prutherford@example.com','169d7342ff83458678adb5523f47afe4ec5047d7',9969066361,'\0'),(71,'Euna','Lynch','rhermann@example.org','01460f630d696c8023519e541ccda2dd79077796',9107953233,''),(72,'Vladimir','Raynor','keshawn59@example.com','528d7883fc1ec557ec2801f997b889a3c7977787',9189362638,'\0'),(73,'Marcel','Welch','hannah.donnelly@example.org','fd41d9ae2ae072e87224bf3bb5e1490a309e3ec5',9642763316,'\0'),(74,'Tierra','Macejkovic','ed69@example.org','4e98443bdcaef457ee35d307fe48d40822fe227d',9710965193,''),(75,'Derrick','Nicolas','gconnelly@example.net','60a305b57a053b120b81af47ba9b54fa6b661cbf',9152339207,''),(76,'Leslie','Kreiger','alexie89@example.com','b6cdec9e6161be9b932ee3e08ada5537e0e8880f',9172196382,''),(77,'Liam','Konopelski','pcrona@example.net','9ff305000e4e396bb933dcfe68c18fc2ddeacb22',9001334090,''),(78,'Teresa','Dach','kuphal.bella@example.org','76e68677434ba9d10fc77c87bf285921e2260fe4',9342907546,'\0'),(79,'Flossie','Fahey','rosemarie.predovic@example.net','31935be03d604a0cf5058e548980494966e65e5c',9205617307,'\0'),(80,'Cortney','O\'Kon','wiley.dietrich@example.net','030d187308c270ec83d2dd9584b162c8bcf1b2ad',9547747299,'\0'),(81,'Adrain','Breitenberg','bhomenick@example.com','547fbc45f1b418ca90d4ee53f40556a9e1caeab2',9917408656,''),(82,'Jovany','Wisoky','malcolm90@example.org','088d1b6533b9a73ae2e525c9556fbd52498f87c6',9716248945,'\0'),(83,'Kamron','Leuschke','mtorp@example.net','673aba8a07847276ae8782a5da90d55906b9bda2',9903377127,''),(84,'Isai','Beatty','iquigley@example.org','82e81b0de0ec87a43b6623c07a1e3484075a668b',9490970653,''),(85,'Jeffery','Abshire','amie.gutmann@example.com','6b2a676a2f7ec4e0a2f5a4415b10f3edb25e7c65',9494425203,''),(86,'Providenci','Emard','gconroy@example.com','0b799f86f3ff66db471a5113e79b53e6875cbb5a',9894769680,'\0'),(87,'Priscilla','Schmitt','austyn.pfannerstill@example.org','759fd90fbc5d8f3bde50d81d2aeaf9a08829b35b',9864894391,''),(88,'Madelyn','Nienow','mazie59@example.org','3fec50466a0280821387a0f1b2a6f80fd35dd42b',9201677497,''),(89,'Dameon','Bashirian','armstrong.kaylee@example.com','a9c1d425d4fc6bcb9078afcb92950df9a9edc33c',9866112632,''),(90,'Grady','Senger','ernesto19@example.org','59052e32b03a00b4671ac637c63016e9812872c1',9982948055,''),(91,'Markus','Schulist','kiara.mayert@example.net','a38f252e0d7ccd48e481971a7b89927ef1825c73',9772527586,'\0'),(92,'Lizzie','Steuber','nathanael.zboncak@example.org','6141d396714c25e65b417c04ac2b07e62aafddeb',9801110955,'\0'),(93,'Amelie','Schuster','xklocko@example.com','1c3acedbb825be1409fdfed472de460317138641',9815966433,'\0'),(94,'Rico','Murray','martin68@example.net','f4d51c87f91cd5baa69c8ea6aa1f5a1a648c3ba7',9128363856,'\0'),(95,'Eladio','Reinger','ethelyn.steuber@example.com','5291ed3c4ed89c98d487db684400bf212e009d11',9342902864,'\0'),(96,'Turner','O\'Keefe','brisa.russel@example.org','6f52204ff05fcc5fb41a3a6144b9868e1c593a30',9538915561,''),(97,'Marcelina','Hahn','dahlia.greenfelder@example.net','65ffa2fb984ec4a8ada4cd557f7ecf1fffcc75bb',9116301017,'\0'),(98,'Tabitha','Raynor','wilhelm.shanahan@example.net','b09873101bd516bfbd6ef9f6ddccac20547ba433',9849358935,'\0'),(99,'Andrew','O\'Kon','langworth.marietta@example.net','22d559258600b7549918fc3af5bb03b7a9b905e0',9662652084,''),(100,'Autumn','Kihn','rbradtke@example.net','479424081b4fc4dffcb2046358594cf73d2ec251',9203637373,'');
/*!40000 ALTER TABLE `users` ENABLE KEYS */;
UNLOCK TABLES;

--
-- Table structure for table `users_communities`
--

DROP TABLE IF EXISTS `users_communities`;
/*!40101 SET @saved_cs_client     = @@character_set_client */;
/*!40101 SET character_set_client = utf8 */;
CREATE TABLE `users_communities` (
  `user_id` bigint(20) unsigned NOT NULL,
  `community_id` bigint(20) unsigned NOT NULL,
  PRIMARY KEY (`user_id`,`community_id`),
  KEY `community_id` (`community_id`),
  CONSTRAINT `users_communities_ibfk_1` FOREIGN KEY (`user_id`) REFERENCES `users` (`id`),
  CONSTRAINT `users_communities_ibfk_2` FOREIGN KEY (`community_id`) REFERENCES `communities` (`id`)
) ENGINE=InnoDB DEFAULT CHARSET=utf8mb4 COLLATE=utf8mb4_unicode_ci;
/*!40101 SET character_set_client = @saved_cs_client */;

--
-- Dumping data for table `users_communities`
--

LOCK TABLES `users_communities` WRITE;
/*!40000 ALTER TABLE `users_communities` DISABLE KEYS */;
INSERT INTO `users_communities` VALUES (1,1),(2,2),(3,3),(4,4),(5,5),(6,6),(7,7),(8,8),(9,9),(10,10),(11,11),(12,12),(13,13),(14,14),(15,15),(16,16),(17,17),(18,18),(19,19),(20,20),(21,21),(22,22),(23,23),(24,24),(25,25),(26,26),(27,27),(28,28),(29,29),(30,30),(31,31),(32,32),(33,33),(34,34),(35,35),(36,36),(37,37),(38,38),(39,39),(40,40),(41,41),(42,42),(43,43),(44,44),(45,45),(46,46),(47,47),(48,48),(49,49),(50,50),(51,51),(52,52),(53,53),(54,54),(55,55),(56,56),(57,57),(58,58),(59,59),(60,60),(61,61),(62,62),(63,63),(64,64),(65,65),(66,66),(67,67),(68,68),(69,69),(70,70),(71,71),(72,72),(73,73),(74,74),(75,75),(76,76),(77,77),(78,78),(79,79),(80,80),(81,81),(82,82),(83,83),(84,84),(85,85),(86,86),(87,87),(88,88),(89,89),(90,90),(91,91),(92,92),(93,93),(94,94),(95,95),(96,96),(97,97),(98,98),(99,99),(100,100);
/*!40000 ALTER TABLE `users_communities` ENABLE KEYS */;
UNLOCK TABLES;
/*!40103 SET TIME_ZONE=@OLD_TIME_ZONE */;

/*!40101 SET SQL_MODE=@OLD_SQL_MODE */;
/*!40014 SET FOREIGN_KEY_CHECKS=@OLD_FOREIGN_KEY_CHECKS */;
/*!40014 SET UNIQUE_CHECKS=@OLD_UNIQUE_CHECKS */;
/*!40101 SET CHARACTER_SET_CLIENT=@OLD_CHARACTER_SET_CLIENT */;
/*!40101 SET CHARACTER_SET_RESULTS=@OLD_CHARACTER_SET_RESULTS */;
/*!40101 SET COLLATION_CONNECTION=@OLD_COLLATION_CONNECTION */;
/*!40111 SET SQL_NOTES=@OLD_SQL_NOTES */;

-- Dump completed on 2021-11-23 12:28:23
